timeOpen;timeClose;timeHigh;timeLow;name;open;high;low;close;volume;marketCap;circulatingSupply;timestamp
"2025-11-28T00:00:00.000Z";"2025-11-28T23:59:59.999Z";"2025-11-28T09:02:00.000Z";"2025-11-28T18:08:00.000Z";"2790";2.1730320451;2.1895760587;2.0971155431;2.1046248699;48968600.07610967;1010014424.9536563;480043840;"2025-11-28T23:59:59.999Z"
"2025-11-27T00:00:00.000Z";"2025-11-27T23:59:59.999Z";"2025-11-27T21:22:00.000Z";"2025-11-27T15:21:00.000Z";"2790";2.1773363325;2.2011042718;2.1606239154;2.1728096249;49074292.60659569;1042647609.5875217;479884160;"2025-11-27T23:59:59.999Z"
"2025-11-26T00:00:00.000Z";"2025-11-26T23:59:59.999Z";"2025-11-26T18:32:00.000Z";"2025-11-26T15:52:00.000Z";"2790";2.132247328;2.2067784261;2.102826252;2.1773237018;57552265.36199358;1047851295.8001847;479723740;"2025-11-26T23:59:59.999Z"
"2025-11-25T00:00:00.000Z";"2025-11-25T23:59:59.999Z";"2025-11-25T03:34:00.000Z";"2025-11-25T19:40:00.000Z";"2790";2.1710594169;2.1956452465;2.0872104671;2.1321412918;52580698.33782992;1026517340.9162724;479563780;"2025-11-25T23:59:59.999Z"
"2025-11-24T00:00:00.000Z";"2025-11-24T23:59:59.999Z";"2025-11-24T05:22:00.000Z";"2025-11-24T14:53:00.000Z";"2790";2.1660316244;2.2066333095;2.0799784595;2.1709125101;72221002.5654678;1041992196.5579612;479403520;"2025-11-24T23:59:59.999Z"
"2025-11-23T00:00:00.000Z";"2025-11-23T23:59:59.999Z";"2025-11-23T12:23:00.000Z";"2025-11-23T23:23:00.000Z";"2790";2.1787566921;2.2275684441;2.1623978511;2.1656941007;60096567.39600516;1036961621.1554178;479244800;"2025-11-23T23:59:59.999Z"
"2025-11-22T00:00:00.000Z";"2025-11-22T23:59:59.999Z";"2025-11-22T22:59:00.000Z";"2025-11-22T05:44:00.000Z";"2790";2.1848136466;2.1910996173;2.1185210441;2.1787566921;57188130.01142812;1044178486.6808381;479084860;"2025-11-22T23:59:59.999Z"
"2025-11-21T00:00:00.000Z";"2025-11-21T23:59:59.999Z";"2025-11-21T01:31:00.000Z";"2025-11-21T23:10:00.000Z";"2790";2.3756240262;2.4433869427;2.1303603426;2.1848281199;107257754.33239502;1044710335.241269;478924640;"2025-11-21T23:59:59.999Z"
"2025-11-20T00:00:00.000Z";"2025-11-20T23:59:59.999Z";"2025-11-20T09:56:00.000Z";"2025-11-20T00:07:00.000Z";"2790";2.3616061615;2.7134934545;2.3568122432;2.3753984481;196528435.678309;1136795225.6395903;478764540;"2025-11-20T23:59:59.999Z"
"2025-11-19T00:00:00.000Z";"2025-11-19T23:59:59.999Z";"2025-11-19T15:19:00.000Z";"2025-11-19T18:56:00.000Z";"2790";2.3822345226;2.4061857728;2.2741014464;2.3616170621;66924661.44433659;1126290710.0975933;478605020;"2025-11-19T23:59:59.999Z"
"2025-11-18T00:00:00.000Z";"2025-11-18T23:59:59.999Z";"2025-11-18T16:35:00.000Z";"2025-11-18T12:16:00.000Z";"2790";2.3306144743;2.4328688287;2.3058193624;2.3823862502;87581880.26940073;1138803269.4820702;478444960;"2025-11-18T23:59:59.999Z"
"2025-11-17T00:00:00.000Z";"2025-11-17T23:59:59.999Z";"2025-11-17T15:33:00.000Z";"2025-11-17T23:32:00.000Z";"2790";2.3826524931;2.493742755;2.3165130685;2.3306036695;87807647.78226295;1112330586.644058;478284220;"2025-11-17T23:59:59.999Z"
"2025-11-16T00:00:00.000Z";"2025-11-16T23:59:59.999Z";"2025-11-16T10:46:00.000Z";"2025-11-16T17:58:00.000Z";"2790";2.4538968112;2.4727594239;2.3280678265;2.3833349197;66807226.19975997;1138390079.3167481;478124200;"2025-11-16T23:59:59.999Z"
"2025-11-15T00:00:00.000Z";"2025-11-15T23:59:59.999Z";"2025-11-15T07:21:00.000Z";"2025-11-15T00:00:00.000Z";"2790";2.4106891741;2.5737633878;2.4106891741;2.4538968112;70810628.40307556;1172723949.083072;477964380;"2025-11-15T23:59:59.999Z"
"2025-11-14T00:00:00.000Z";"2025-11-14T23:59:59.999Z";"2025-11-14T07:03:00.000Z";"2025-11-14T12:46:00.000Z";"2790";2.4721296551;2.4960948992;2.3715710893;2.4107190709;95513004.33221363;1151279791.5204701;477804500;"2025-11-14T23:59:59.999Z"
"2025-11-13T00:00:00.000Z";"2025-11-13T23:59:59.999Z";"2025-11-13T15:18:00.000Z";"2025-11-13T20:27:00.000Z";"2790";2.492525938;2.5861417187;2.3861475812;2.4724279884;83849318.14568384;1184706949.4446344;477644830;"2025-11-13T23:59:59.999Z"
"2025-11-12T00:00:00.000Z";"2025-11-12T23:59:59.999Z";"2025-11-12T13:59:00.000Z";"2025-11-12T19:40:00.000Z";"2790";2.5394854509;2.6849880191;2.4734317541;2.4925740381;76218378.0754691;1190656240.144917;477485820;"2025-11-12T23:59:59.999Z"
"2025-11-11T00:00:00.000Z";"2025-11-11T23:59:59.999Z";"2025-11-11T01:23:00.000Z";"2025-11-11T23:55:00.000Z";"2790";2.6832108717;2.7264787175;2.5391402073;2.5397623618;81168835.27957603;1215242505.977679;477328200;"2025-11-11T23:59:59.999Z"
"2025-11-10T00:00:00.000Z";"2025-11-10T23:59:59.999Z";"2025-11-10T22:54:00.000Z";"2025-11-10T00:07:00.000Z";"2790";2.573095821;2.7223597521;2.5631802262;2.6829162458;87383616.51858637;1281924812.95879;477168770;"2025-11-10T23:59:59.999Z"
"2025-11-09T00:00:00.000Z";"2025-11-09T23:59:59.999Z";"2025-11-09T20:07:00.000Z";"2025-11-09T03:48:00.000Z";"2790";2.5523824453;2.5923376635;2.4563093524;2.5732559039;105360289.74660331;1224612224.7021854;477009280;"2025-11-09T23:59:59.999Z"
"2025-11-08T00:00:00.000Z";"2025-11-08T23:59:59.999Z";"2025-11-08T02:43:00.000Z";"2025-11-08T16:10:00.000Z";"2790";2.6284399402;2.7215717915;2.5040762961;2.5524022067;102277454.02615464;1217104590.0083928;476850400;"2025-11-08T23:59:59.999Z"
"2025-11-07T00:00:00.000Z";"2025-11-07T23:59:59.999Z";"2025-11-07T18:48:00.000Z";"2025-11-07T00:00:00.000Z";"2790";2.2922267067;2.7266506102;2.2920024645;2.6282206664;159067765.16703707;1255175894.879776;476691550;"2025-11-07T23:59:59.999Z"
"2025-11-06T00:00:00.000Z";"2025-11-06T23:59:59.999Z";"2025-11-06T22:23:00.000Z";"2025-11-06T16:46:00.000Z";"2790";2.3233706511;2.3233706511;2.2041501502;2.2924052664;73925519.96837407;1097372257.152006;476532220;"2025-11-06T23:59:59.999Z"
"2025-11-05T00:00:00.000Z";"2025-11-05T23:59:59.999Z";"2025-11-05T20:16:00.000Z";"2025-11-05T01:46:00.000Z";"2790";2.184694733;2.3343865577;2.1023558006;2.323522888;88632725.42174058;1107725303.5704148;476373700;"2025-11-05T23:59:59.999Z"
"2025-11-04T00:00:00.000Z";"2025-11-04T23:59:59.999Z";"2025-11-04T15:06:00.000Z";"2025-11-04T21:37:00.000Z";"2790";2.1751858936;2.2965739675;2.053951545;2.1847928976;143947897.1873493;1037454136.4277048;476214940;"2025-11-04T23:59:59.999Z"
"2025-11-03T00:00:00.000Z";"2025-11-03T23:59:59.999Z";"2025-11-03T00:00:00.000Z";"2025-11-03T22:32:00.000Z";"2790";2.6644716073;2.6644716073;2.1532155462;2.1752122971;162106442.20838723;1034708109.7892982;476055700;"2025-11-03T23:59:59.999Z"
"2025-11-02T00:00:00.000Z";"2025-11-02T23:59:59.999Z";"2025-11-02T23:58:00.000Z";"2025-11-02T19:32:00.000Z";"2790";2.613072174;2.6658350516;2.5647186817;2.6646516643;69492727.36800523;1260792366.6071517;475896670;"2025-11-02T23:59:59.999Z"
"2025-11-01T00:00:00.000Z";"2025-11-01T23:59:59.999Z";"2025-11-01T20:40:00.000Z";"2025-11-01T02:16:00.000Z";"2790";2.5530185216;2.6277015933;2.5447629913;2.613072174;58860300.91331893;1242543315.4005575;475737760;"2025-11-01T23:59:59.999Z"
"2025-10-31T00:00:00.000Z";"2025-10-31T23:59:59.999Z";"2025-10-31T15:17:00.000Z";"2025-10-31T00:28:00.000Z";"2790";2.5516158326;2.6266814992;2.5403356538;2.5529992988;81263448.25115861;1217037767.5077236;475579550;"2025-10-31T23:59:59.999Z"
"2025-10-30T00:00:00.000Z";"2025-10-30T23:59:59.999Z";"2025-10-30T07:40:00.000Z";"2025-10-30T19:43:00.000Z";"2790";2.6679238664;2.7062022371;2.4735423639;2.5516347569;100816917.47084899;1209760408.1647604;475420350;"2025-10-30T23:59:59.999Z"
"2025-10-29T00:00:00.000Z";"2025-10-29T23:59:59.999Z";"2025-10-29T20:32:00.000Z";"2025-10-29T18:43:00.000Z";"2790";2.6602769836;2.736208721;2.637100947;2.6683413073;140885190.80158204;1262168010.8348708;475261100;"2025-10-29T23:59:59.999Z"
"2025-10-28T00:00:00.000Z";"2025-10-28T23:59:59.999Z";"2025-10-28T18:18:00.000Z";"2025-10-28T21:11:00.000Z";"2790";2.7285557633;2.7537718958;2.6183843111;2.6612425819;570315207.0900834;1264516287.41844;475102180;"2025-10-28T23:59:59.999Z"
"2025-10-27T00:00:00.000Z";"2025-10-27T23:59:59.999Z";"2025-10-27T05:31:00.000Z";"2025-10-27T22:58:00.000Z";"2790";2.7998196375;2.818065617;2.7168496646;2.7282982588;71486259.40143864;1298123174.6899111;474942900;"2025-10-27T23:59:59.999Z"
"2025-10-26T00:00:00.000Z";"2025-10-26T23:59:59.999Z";"2025-10-26T22:11:00.000Z";"2025-10-26T03:49:00.000Z";"2790";2.7105612189;2.8132461593;2.6844121014;2.7997496779;68770176.4488864;1329997888.7571826;474783550;"2025-10-26T23:59:59.999Z"
"2025-10-25T00:00:00.000Z";"2025-10-25T23:59:59.999Z";"2025-10-25T02:20:00.000Z";"2025-10-25T10:16:00.000Z";"2790";2.7400290932;2.7462032374;2.7008103418;2.7105612189;47878186.93002974;1286499413.7993214;474624740;"2025-10-25T23:59:59.999Z"
"2025-10-24T00:00:00.000Z";"2025-10-24T23:59:59.999Z";"2025-10-24T21:25:00.000Z";"2025-10-24T04:10:00.000Z";"2790";2.7399471769;2.7709317258;2.6980645131;2.7399695987;81702940.1481094;1300943653.2217486;474465380;"2025-10-24T23:59:59.999Z"
"2025-10-23T00:00:00.000Z";"2025-10-23T23:59:59.999Z";"2025-10-23T17:52:00.000Z";"2025-10-23T00:03:00.000Z";"2790";2.6839771063;2.7822867659;2.6826430987;2.7396917461;65069895.62872531;1300695364.7118783;474307740;"2025-10-23T23:59:59.999Z"
"2025-10-22T00:00:00.000Z";"2025-10-22T23:59:59.999Z";"2025-10-22T04:42:00.000Z";"2025-10-22T21:13:00.000Z";"2790";2.7497201719;2.7790238051;2.6327099439;2.6839889188;85409901.90535712;1273407953.8479147;474148200;"2025-10-22T23:59:59.999Z"
"2025-10-21T00:00:00.000Z";"2025-10-21T23:59:59.999Z";"2025-10-21T16:34:00.000Z";"2025-10-21T04:58:00.000Z";"2790";2.8131014845;2.9013842495;2.7285435695;2.7495325933;104025119.55869992;1298386473.555169;473989250;"2025-10-21T23:59:59.999Z"
"2025-10-20T00:00:00.000Z";"2025-10-20T23:59:59.999Z";"2025-10-20T20:58:00.000Z";"2025-10-20T00:34:00.000Z";"2790";2.7696038379;2.8541019595;2.7321119717;2.8134248214;87275591.36779904;1331404392.3619072;473830100;"2025-10-20T23:59:59.999Z"
"2025-10-19T00:00:00.000Z";"2025-10-19T23:59:59.999Z";"2025-10-19T17:13:00.000Z";"2025-10-19T09:31:00.000Z";"2790";2.7316933882;2.8186482635;2.675407357;2.7695069742;78223220.88457586;1311988353.3695476;473671100;"2025-10-19T23:59:59.999Z"
"2025-10-18T00:00:00.000Z";"2025-10-18T23:59:59.999Z";"2025-10-18T12:19:00.000Z";"2025-10-18T00:13:00.000Z";"2790";2.7038681597;2.7741692587;2.7002836053;2.7316933882;58330115.853935495;1293101182.7960958;473512220;"2025-10-18T23:59:59.999Z"
"2025-10-17T00:00:00.000Z";"2025-10-17T23:59:59.999Z";"2025-10-17T01:12:00.000Z";"2025-10-17T08:25:00.000Z";"2790";2.7794903165;2.8168912522;2.5894434392;2.7040069004;107143731.04231805;1275657133.996033;473353380;"2025-10-17T23:59:59.999Z"
"2025-10-16T00:00:00.000Z";"2025-10-16T23:59:59.999Z";"2025-10-16T13:40:00.000Z";"2025-10-16T20:43:00.000Z";"2790";2.8635748667;2.9314878345;2.7433895818;2.7796569388;105688859.71250029;1321258236.953703;473195330;"2025-10-16T23:59:59.999Z"
"2025-10-15T00:00:00.000Z";"2025-10-15T23:59:59.999Z";"2025-10-15T08:34:00.000Z";"2025-10-15T20:37:00.000Z";"2790";2.9948170384;3.0154063656;2.8330141437;2.8635238736;100589231.2153569;1359546235.8005345;473037060;"2025-10-15T23:59:59.999Z"
"2025-10-14T00:00:00.000Z";"2025-10-14T23:59:59.999Z";"2025-10-14T00:23:00.000Z";"2025-10-14T10:37:00.000Z";"2790";3.1516563382;3.1675886759;2.8737273292;2.9949697084;142912613.93579587;1420789256.160234;472878600;"2025-10-14T23:59:59.999Z"
"2025-10-13T00:00:00.000Z";"2025-10-13T23:59:59.999Z";"2025-10-13T21:22:00.000Z";"2025-10-13T01:16:00.000Z";"2790";3.0074359147;3.1641882639;2.9771755524;3.1515291901;129730425.17194213;1485281903.4071848;472720200;"2025-10-13T23:59:59.999Z"
"2025-10-12T00:00:00.000Z";"2025-10-12T23:59:59.999Z";"2025-10-12T20:52:00.000Z";"2025-10-12T02:14:00.000Z";"2790";2.705588162;3.0510885992;2.6226049677;3.007475483;137362108.6636246;1418789360.9408748;472561980;"2025-10-12T23:59:59.999Z"
"2025-10-11T00:00:00.000Z";"2025-10-11T23:59:59.999Z";"2025-10-11T09:10:00.000Z";"2025-10-11T01:26:00.000Z";"2790";2.5506946673;2.8292018937;2.4793546256;2.7057092509;243896772.732541;1278242742.3575838;472403700;"2025-10-11T23:59:59.999Z"
"2025-10-10T00:00:00.000Z";"2025-10-10T23:59:59.999Z";"2025-10-10T14:13:00.000Z";"2025-10-10T21:23:00.000Z";"2790";3.5103175137;3.6152524754;1.7317718505;2.5506946673;303682137.01177305;1210239614.8813365;472245500;"2025-10-10T23:59:59.999Z"
"2025-10-09T00:00:00.000Z";"2025-10-09T23:59:59.999Z";"2025-10-09T00:05:00.000Z";"2025-10-09T17:01:00.000Z";"2790";3.5873046078;3.5931524954;3.4575352183;3.5103687084;100214118.28332944;1648089980.6221538;472087360;"2025-10-09T23:59:59.999Z"
"2025-10-08T00:00:00.000Z";"2025-10-08T23:59:59.999Z";"2025-10-08T17:34:00.000Z";"2025-10-08T03:28:00.000Z";"2790";3.4836919575;3.6197362514;3.4639142706;3.5872578997;99369960.28374818;1689498975.2230248;471929300;"2025-10-08T23:59:59.999Z"
"2025-10-07T00:00:00.000Z";"2025-10-07T23:59:59.999Z";"2025-10-07T01:13:00.000Z";"2025-10-07T15:52:00.000Z";"2790";3.6493115061;3.6635048814;3.4676275175;3.4827945697;139618961.49773577;1635545403.1264527;471771550;"2025-10-07T23:59:59.999Z"
"2025-10-06T00:00:00.000Z";"2025-10-06T23:59:59.999Z";"2025-10-06T17:31:00.000Z";"2025-10-06T01:04:00.000Z";"2790";3.5440448086;3.673517991;3.516828848;3.6491576703;121123039.02544513;1720698150.892432;471613600;"2025-10-06T23:59:59.999Z"
"2025-10-05T00:00:00.000Z";"2025-10-05T23:59:59.999Z";"2025-10-05T09:37:00.000Z";"2025-10-05T01:01:00.000Z";"2790";3.5245727225;3.6633042368;3.5081400455;3.5444432892;117218454.1453861;1667249978.4121768;471455260;"2025-10-05T23:59:59.999Z"
"2025-10-04T00:00:00.000Z";"2025-10-04T23:59:59.999Z";"2025-10-04T00:14:00.000Z";"2025-10-04T16:29:00.000Z";"2790";3.6465238682;3.655803502;3.4885496205;3.524574687;93481717.64317389;1660414133.3159876;471297380;"2025-10-04T23:59:59.999Z"
"2025-10-03T00:00:00.000Z";"2025-10-03T23:59:59.999Z";"2025-10-03T16:46:00.000Z";"2025-10-03T14:22:00.000Z";"2790";3.6775833528;3.7054749668;3.583279016;3.6465101326;114100119.80821152;1720639635.9398582;471139400;"2025-10-03T23:59:59.999Z"
"2025-10-02T00:00:00.000Z";"2025-10-02T23:59:59.999Z";"2025-10-02T22:11:00.000Z";"2025-10-02T00:00:00.000Z";"2790";3.5212303898;3.6854223478;3.5212303898;3.6775722809;154560339.75079194;1730847381.9986074;470981570;"2025-10-02T23:59:59.999Z"
"2025-10-01T00:00:00.000Z";"2025-10-01T23:59:59.999Z";"2025-10-01T09:19:00.000Z";"2025-10-01T21:27:00.000Z";"2790";3.492054509;3.6148253072;3.4753700011;3.5204400929;189976387.40225744;1657658844.9601994;470823680;"2025-10-01T23:59:59.999Z"
"2025-09-30T00:00:00.000Z";"2025-09-30T23:59:59.999Z";"2025-09-30T00:00:00.000Z";"2025-09-30T15:29:00.000Z";"2790";3.5099254446;3.510054481;3.396489213;3.4914316507;95216063.59269889;1643569691.6946099;470507420;"2025-09-30T23:59:59.999Z"
"2025-09-29T00:00:00.000Z";"2025-09-29T23:59:59.999Z";"2025-09-29T00:00:00.000Z";"2025-09-29T13:37:00.000Z";"2790";3.5730310691;3.5735075023;3.4176959597;3.5098562354;97556192.38231601;1655084143.0510182;470507420;"2025-09-29T23:59:59.999Z"
"2025-09-28T00:00:00.000Z";"2025-09-28T23:59:59.999Z";"2025-09-28T23:07:00.000Z";"2025-09-28T10:10:00.000Z";"2790";3.5170679689;3.5748152243;3.4441239559;3.5724337356;72716544.82929523;1678599270.348101;469679900;"2025-09-28T23:59:59.999Z"
"2025-09-27T00:00:00.000Z";"2025-09-27T23:59:59.999Z";"2025-09-27T22:34:00.000Z";"2025-09-27T17:22:00.000Z";"2790";3.5179799032;3.5537567415;3.472378571;3.5170679689;70840914.23712677;1651542384.0745468;469679900;"2025-09-27T23:59:59.999Z"
"2025-09-26T00:00:00.000Z";"2025-09-26T23:59:59.999Z";"2025-09-26T18:56:00.000Z";"2025-09-26T12:25:00.000Z";"2790";3.4373709179;3.5712825692;3.4080885902;3.5179799032;85590056.00446792;1658381623.51679;469679900;"2025-09-26T23:59:59.999Z"
"2025-09-25T00:00:00.000Z";"2025-09-25T23:59:59.999Z";"2025-09-25T00:13:00.000Z";"2025-09-25T18:06:00.000Z";"2790";3.5374863036;3.5452338205;3.3976851816;3.4371023432;117368907.65572464;1603404766.6172414;469679900;"2025-09-25T23:59:59.999Z"
"2025-09-24T00:00:00.000Z";"2025-09-24T23:59:59.999Z";"2025-09-24T12:07:00.000Z";"2025-09-24T04:13:00.000Z";"2790";3.4971795546;3.5773884858;3.4696711058;3.5365799505;78684057.41981989;1651144235.6838605;469679900;"2025-09-24T23:59:59.999Z"
"2025-09-23T00:00:00.000Z";"2025-09-23T23:59:59.999Z";"2025-09-23T16:55:00.000Z";"2025-09-23T03:13:00.000Z";"2790";3.5266707026;3.569771454;3.4802588975;3.4978422477;80198323.27187398;1644674296.6045656;469679900;"2025-09-23T23:59:59.999Z"
"2025-09-22T00:00:00.000Z";"2025-09-22T23:59:59.999Z";"2025-09-22T00:10:00.000Z";"2025-09-22T20:07:00.000Z";"2790";3.7547071247;3.7660807833;3.4661867817;3.5262878307;150096588.258107;1665050767.1632948;469559460;"2025-09-22T23:59:59.999Z"
"2025-09-21T00:00:00.000Z";"2025-09-21T23:59:59.999Z";"2025-09-21T06:16:00.000Z";"2025-09-21T23:22:00.000Z";"2790";3.79020669;3.8401501173;3.7531693589;3.7544735743;91277123.89326881;1760701726.280874;469401760;"2025-09-21T23:59:59.999Z"
"2025-09-20T00:00:00.000Z";"2025-09-20T23:59:59.999Z";"2025-09-20T01:01:00.000Z";"2025-09-20T14:19:00.000Z";"2790";3.8131343323;3.8291151218;3.7731668062;3.7901600484;72997285.1374422;1778311882.1659024;469089000;"2025-09-20T23:59:59.999Z"
"2025-09-19T00:00:00.000Z";"2025-09-19T23:59:59.999Z";"2025-09-19T01:10:00.000Z";"2025-09-19T23:32:00.000Z";"2790";3.9660801993;4.028754718;3.7981847135;3.8131092916;102307624.91819017;1781494538.1899421;468932300;"2025-09-19T23:59:59.999Z"
"2025-09-18T00:00:00.000Z";"2025-09-18T23:59:59.999Z";"2025-09-18T22:47:00.000Z";"2025-09-18T06:33:00.000Z";"2790";3.8988528118;3.9878541941;3.8701749536;3.9658101865;96633590.75922102;1853468582.363759;468774140;"2025-09-18T23:59:59.999Z"
"2025-09-17T00:00:00.000Z";"2025-09-17T23:59:59.999Z";"2025-09-17T23:13:00.000Z";"2025-09-17T16:25:00.000Z";"2790";3.8322187995;3.9232134923;3.7635486537;3.898682339;100312753.95465653;1820042959.7450924;468617700;"2025-09-17T23:59:59.999Z"
"2025-09-16T00:00:00.000Z";"2025-09-16T23:59:59.999Z";"2025-09-16T17:36:00.000Z";"2025-09-16T04:19:00.000Z";"2790";3.8331203384;3.8483095905;3.7637255682;3.832095968;111985497.1606304;1811776582.6252503;468461000;"2025-09-16T23:59:59.999Z"
"2025-09-15T00:00:00.000Z";"2025-09-15T23:59:59.999Z";"2025-09-15T05:27:00.000Z";"2025-09-15T17:28:00.000Z";"2790";3.9593042084;3.9839335655;3.7965100228;3.8326408428;114001869.11654614;1800779357.1706111;468304000;"2025-09-15T23:59:59.999Z"
"2025-09-14T00:00:00.000Z";"2025-09-14T23:59:59.999Z";"2025-09-14T00:19:00.000Z";"2025-09-14T14:55:00.000Z";"2790";4.1130470821;4.1145461529;3.9413041234;3.9593072453;90582160.59823622;1852205091.981628;468146700;"2025-09-14T23:59:59.999Z"
"2025-09-13T00:00:00.000Z";"2025-09-13T23:59:59.999Z";"2025-09-13T13:31:00.000Z";"2025-09-13T00:43:00.000Z";"2790";4.0476733791;4.1631998567;4.0420828187;4.1130470821;132506632.16298807;1924583064.56273;467989570;"2025-09-13T23:59:59.999Z"
"2025-09-12T00:00:00.000Z";"2025-09-12T23:59:59.999Z";"2025-09-12T22:40:00.000Z";"2025-09-12T12:17:00.000Z";"2790";4.0004923584;4.0478197928;3.9327737164;4.0476733791;92820422.62633269;1894138030.6186163;467833150;"2025-09-12T23:59:59.999Z"
"2025-09-11T00:00:00.000Z";"2025-09-11T23:59:59.999Z";"2025-09-11T23:28:00.000Z";"2025-09-11T13:17:00.000Z";"2790";3.9975285444;4.005426691;3.9280585155;3.9999807563;84737021.87543136;1875745264.878497;467675840;"2025-09-11T23:59:59.999Z"
"2025-09-10T00:00:00.000Z";"2025-09-10T23:59:59.999Z";"2025-09-10T22:20:00.000Z";"2025-09-10T01:10:00.000Z";"2790";3.9211649744;4.0259227967;3.900790014;3.9976326207;111410711.89053012;1868975619.732058;467520740;"2025-09-10T23:59:59.999Z"
"2025-09-09T00:00:00.000Z";"2025-09-09T23:59:59.999Z";"2025-09-09T11:27:00.000Z";"2025-09-09T02:55:00.000Z";"2790";3.8603097708;3.9675638982;3.8220132589;3.9216444095;116802499.2275809;1822290404.1769006;467362560;"2025-09-09T23:59:59.999Z"
"2025-09-08T00:00:00.000Z";"2025-09-08T23:59:59.999Z";"2025-09-08T17:31:00.000Z";"2025-09-08T01:34:00.000Z";"2790";3.8294571221;3.9078102636;3.8243304305;3.8601416804;113614890.26529047;1811592476.2555935;467049760;"2025-09-08T23:59:59.999Z"
"2025-09-07T00:00:00.000Z";"2025-09-07T23:59:59.999Z";"2025-09-07T23:35:00.000Z";"2025-09-07T00:03:00.000Z";"2790";3.7652785977;3.8482613143;3.7647842226;3.829735204;76803135.95165783;1787912303.0092952;467049760;"2025-09-07T23:59:59.999Z"
"2025-09-06T00:00:00.000Z";"2025-09-06T23:59:59.999Z";"2025-09-06T01:22:00.000Z";"2025-09-06T19:56:00.000Z";"2790";3.7877110125;3.8013741145;3.7252645629;3.7652785977;64350396.52814555;1757200346.9641209;466893220;"2025-09-06T23:59:59.999Z"
"2025-09-05T00:00:00.000Z";"2025-09-05T23:59:59.999Z";"2025-09-05T13:35:00.000Z";"2025-09-05T01:07:00.000Z";"2790";3.7701218873;3.8806447212;3.7468833486;3.7877110125;117580171.50884001;1777711765.3214319;466736350;"2025-09-05T23:59:59.999Z"
"2025-09-04T00:00:00.000Z";"2025-09-04T23:59:59.999Z";"2025-09-04T00:37:00.000Z";"2025-09-04T19:49:00.000Z";"2790";3.8769958477;3.8912859377;3.729527661;3.7703579601;94082045.37008663;1758402138.1437461;466580260;"2025-09-04T23:59:59.999Z"
"2025-09-03T00:00:00.000Z";"2025-09-03T23:59:59.999Z";"2025-09-03T16:22:00.000Z";"2025-09-03T01:31:00.000Z";"2790";3.8058163685;3.9098682324;3.790588724;3.8775112451;89425711.8224737;1812720751.6567;466423500;"2025-09-03T23:59:59.999Z"
"2025-09-02T00:00:00.000Z";"2025-09-02T23:59:59.999Z";"2025-09-02T14:31:00.000Z";"2025-09-02T13:02:00.000Z";"2790";3.7444077951;3.8240397298;3.7444077951;3.8050902983;91091754.34415106;1762064673.3853621;466266500;"2025-09-02T23:59:59.999Z"
"2025-09-01T00:00:00.000Z";"2025-09-01T23:59:59.999Z";"2025-09-01T09:20:00.000Z";"2025-09-01T22:46:00.000Z";"2790";3.8204655187;3.9172557711;3.7014353837;3.744043235;117944081.17360476;1749019768.1031332;466109660;"2025-09-01T23:59:59.999Z"
"2025-08-31T00:00:00.000Z";"2025-08-31T23:59:59.999Z";"2025-08-31T13:02:00.000Z";"2025-08-31T23:56:00.000Z";"2790";3.8537902542;3.9455796681;3.8196066096;3.8205637755;71289334.18730389;1780652506.312847;465952960;"2025-08-31T23:59:59.999Z"
"2025-08-30T00:00:00.000Z";"2025-08-30T23:59:59.999Z";"2025-08-30T07:52:00.000Z";"2025-08-30T02:01:00.000Z";"2790";3.8369310527;3.8994649913;3.7924412637;3.8537902542;73161617.19086514;1795308757.3367548;465796000;"2025-08-30T23:59:59.999Z"
"2025-08-29T00:00:00.000Z";"2025-08-29T23:59:59.999Z";"2025-08-29T00:14:00.000Z";"2025-08-29T19:07:00.000Z";"2790";4.0952996022;4.1105044264;3.7919420553;3.8369416177;143734757.52779105;1787672458.3035133;465640000;"2025-08-29T23:59:59.999Z"
"2025-08-28T00:00:00.000Z";"2025-08-28T23:59:59.999Z";"2025-08-28T23:50:00.000Z";"2025-08-28T00:39:00.000Z";"2790";3.8557726513;4.1065766001;3.841581061;4.0943019724;117995621.2735063;1911380668.0489018;465483300;"2025-08-28T23:59:59.999Z"
"2025-08-27T00:00:00.000Z";"2025-08-27T23:59:59.999Z";"2025-08-27T21:10:00.000Z";"2025-08-27T08:51:00.000Z";"2790";3.8904360213;3.9461841442;3.8560257341;3.8560257341;86134659.10621668;1795804188.6278787;465327520;"2025-08-27T23:59:59.999Z"
"2025-08-26T00:00:00.000Z";"2025-08-26T23:59:59.999Z";"2025-08-26T20:19:00.000Z";"2025-08-26T00:13:00.000Z";"2790";3.8021313544;3.9358248452;3.7797660157;3.8895437069;132061251.55819593;1813223022.2497447;465171700;"2025-08-26T23:59:59.999Z"
"2025-08-25T00:00:00.000Z";"2025-08-25T23:59:59.999Z";"2025-08-25T03:13:00.000Z";"2025-08-25T21:33:00.000Z";"2790";4.0873130751;4.139756092;3.7891846749;3.8025801765;197506432.5422168;1737457301.375116;460655170;"2025-08-25T23:59:59.999Z"
"2025-08-24T00:00:00.000Z";"2025-08-24T23:59:59.999Z";"2025-08-24T19:25:00.000Z";"2025-08-24T11:22:00.000Z";"2790";4.1680466056;4.2323573001;3.9729336162;4.0863560524;139916995.59019935;1880655032.3121095;460655170;"2025-08-24T23:59:59.999Z"
"2025-08-23T00:00:00.000Z";"2025-08-23T23:59:59.999Z";"2025-08-23T20:02:00.000Z";"2025-08-23T02:40:00.000Z";"2790";4.1094032023;4.2029676532;3.9884130565;4.1680333197;154732050.05452892;1919622597.3681216;460655170;"2025-08-23T23:59:59.999Z"
"2025-08-22T00:00:00.000Z";"2025-08-22T23:59:59.999Z";"2025-08-22T22:07:00.000Z";"2025-08-22T12:40:00.000Z";"2790";3.8104341398;4.1345993492;3.7078991632;4.1093788333;187347125.4002655;1911308469.2583659;460655170;"2025-08-22T23:59:59.999Z"
"2025-08-21T00:00:00.000Z";"2025-08-21T23:59:59.999Z";"2025-08-21T14:31:00.000Z";"2025-08-21T17:12:00.000Z";"2790";3.837019558;3.8817198684;3.792129541;3.8098544924;98576880.66895366;1749495178.3451967;460655170;"2025-08-21T23:59:59.999Z"
"2025-08-20T00:00:00.000Z";"2025-08-20T23:59:59.999Z";"2025-08-20T22:55:00.000Z";"2025-08-20T01:45:00.000Z";"2790";3.6821682653;3.8648207612;3.6740404638;3.8370368603;84567808.95861793;1768961774.6585474;460655170;"2025-08-20T23:59:59.999Z"
"2025-08-19T00:00:00.000Z";"2025-08-19T23:59:59.999Z";"2025-08-19T01:09:00.000Z";"2025-08-19T19:10:00.000Z";"2790";3.8268906903;3.8648219656;3.6790676894;3.6816235087;108603295.45189947;1692341537.460009;460655170;"2025-08-19T23:59:59.999Z"
"2025-08-18T00:00:00.000Z";"2025-08-18T23:59:59.999Z";"2025-08-18T00:02:00.000Z";"2025-08-18T09:21:00.000Z";"2790";3.951796165;3.952226769;3.7578471943;3.8269844604;110699459.35458922;1757088761.7856853;460655170;"2025-08-18T23:59:59.999Z"
"2025-08-17T00:00:00.000Z";"2025-08-17T23:59:59.999Z";"2025-08-17T16:12:00.000Z";"2025-08-17T02:22:00.000Z";"2790";3.9062093406;4.0647365968;3.8896194389;3.9518044699;90300603.43188557;1820675324.712728;460655170;"2025-08-17T23:59:59.999Z"
"2025-08-16T00:00:00.000Z";"2025-08-16T23:59:59.999Z";"2025-08-16T16:05:00.000Z";"2025-08-16T00:04:00.000Z";"2790";3.8068662533;3.9313294331;3.8045958716;3.9062093406;75461085.1037495;1799415527.8561435;460655170;"2025-08-16T23:59:59.999Z"
"2025-08-15T00:00:00.000Z";"2025-08-15T23:59:59.999Z";"2025-08-15T06:38:00.000Z";"2025-08-15T16:15:00.000Z";"2790";3.8830535888;3.9646264627;3.7086463155;3.8068392458;122331067.04292376;1761819999.926606;460655170;"2025-08-15T23:59:59.999Z"
"2025-08-14T00:00:00.000Z";"2025-08-14T23:59:59.999Z";"2025-08-14T03:03:00.000Z";"2025-08-14T21:38:00.000Z";"2790";4.1482467756;4.1969418903;3.8205445488;3.8832617228;164113160.81092823;1779308216.1631153;460655170;"2025-08-14T23:59:59.999Z"
"2025-08-13T00:00:00.000Z";"2025-08-13T23:59:59.999Z";"2025-08-13T23:10:00.000Z";"2025-08-13T02:17:00.000Z";"2790";4.0247678328;4.1721696219;3.9923714288;4.1485702182;154689623.26574397;1916602896.0965924;460655170;"2025-08-13T23:59:59.999Z"
"2025-08-12T00:00:00.000Z";"2025-08-12T23:59:59.999Z";"2025-08-12T20:22:00.000Z";"2025-08-12T11:16:00.000Z";"2790";3.8676904517;4.0911814762;3.85551111;4.025181816;127561243.94873197;1863792379.6158936;460655170;"2025-08-12T23:59:59.999Z"
"2025-08-11T00:00:00.000Z";"2025-08-11T23:59:59.999Z";"2025-08-11T04:18:00.000Z";"2025-08-11T22:28:00.000Z";"2790";4.004217703;4.0841399107;3.8379351779;3.8676994375;126028295.87442991;1776894808.863571;460655170;"2025-08-11T23:59:59.999Z"
"2025-08-10T00:00:00.000Z";"2025-08-10T23:59:59.999Z";"2025-08-10T04:34:00.000Z";"2025-08-10T08:13:00.000Z";"2790";4.0617641418;4.1165666113;3.9390465862;4.0043902703;98854052.15387224;1844273541.0614164;460655170;"2025-08-10T23:59:59.999Z"
"2025-08-09T00:00:00.000Z";"2025-08-09T23:59:59.999Z";"2025-08-09T13:01:00.000Z";"2025-08-09T00:00:00.000Z";"2790";3.9534834392;4.1116056739;3.9532899216;4.061918194;116436392.46853243;1871495514.1768389;460655170;"2025-08-09T23:59:59.999Z"
"2025-08-08T00:00:00.000Z";"2025-08-08T23:59:59.999Z";"2025-08-08T14:07:00.000Z";"2025-08-08T00:23:00.000Z";"2790";3.8257812815;3.9929057959;3.7894560353;3.9535076251;198278783.10288462;1816570667.9367514;460655170;"2025-08-08T23:59:59.999Z"
"2025-08-07T00:00:00.000Z";"2025-08-07T23:59:59.999Z";"2025-08-07T23:59:00.000Z";"2025-08-07T03:25:00.000Z";"2790";3.7090134622;3.8258052275;3.6845837618;3.8256465812;91297532.7662132;1764392885.8461545;460655170;"2025-08-07T23:59:59.999Z"
"2025-08-06T00:00:00.000Z";"2025-08-06T23:59:59.999Z";"2025-08-06T23:04:00.000Z";"2025-08-06T04:19:00.000Z";"2790";3.6505087169;3.7206212927;3.5700747648;3.7091259344;93730556.90718216;1721044720.8144712;460655170;"2025-08-06T23:59:59.999Z"
"2025-08-05T00:00:00.000Z";"2025-08-05T23:59:59.999Z";"2025-08-05T00:43:00.000Z";"2025-08-05T22:07:00.000Z";"2790";3.7217934322;3.7264583259;3.5829141881;3.6492744988;108963694.53030162;1680622964.5364122;460655170;"2025-08-05T23:59:59.999Z"
"2025-08-04T00:00:00.000Z";"2025-08-04T23:59:59.999Z";"2025-08-04T22:27:00.000Z";"2025-08-04T19:38:00.000Z";"2790";3.6886447119;3.7423336109;3.6641760604;3.7225307642;100316700.68672875;1714133661.8621857;460655170;"2025-08-04T23:59:59.999Z"
"2025-08-03T00:00:00.000Z";"2025-08-03T23:59:59.999Z";"2025-08-03T23:29:00.000Z";"2025-08-03T00:38:00.000Z";"2790";3.5302093593;3.694312384;3.5024984557;3.6883797053;76672828.59386252;1441466883.1079333;390934204;"2025-08-03T23:59:59.999Z"
"2025-08-02T00:00:00.000Z";"2025-08-02T23:59:59.999Z";"2025-08-02T04:52:00.000Z";"2025-08-02T18:58:00.000Z";"2790";3.5788003407;3.6172173468;3.4656052749;3.5308659645;99688632.48478574;1379915525.4036717;390934204;"2025-08-02T23:59:59.999Z"
"2025-08-01T00:00:00.000Z";"2025-08-01T23:59:59.999Z";"2025-08-01T14:40:00.000Z";"2025-08-01T22:44:00.000Z";"2790";3.6883874003;3.6883874003;3.5125278879;3.5788003407;165308707.10836908;1420119581.718979;390934204;"2025-08-01T23:59:59.999Z"
"2025-07-31T00:00:00.000Z";"2025-07-31T23:59:59.999Z";"2025-07-31T08:52:00.000Z";"2025-07-31T23:43:00.000Z";"2790";3.8664572703;3.942672968;3.675385267;3.6874799515;124815804.65148923;1441104861.5027337;390934204;"2025-07-31T23:59:59.999Z"
"2025-07-30T00:00:00.000Z";"2025-07-30T23:59:59.999Z";"2025-07-30T00:03:00.000Z";"2025-07-30T19:13:00.000Z";"2790";3.9931529399;3.9947433109;3.740458813;3.8661079998;149316966.44539872;1495453463.83612;390934204;"2025-07-30T23:59:59.999Z"
"2025-07-29T00:00:00.000Z";"2025-07-29T23:59:59.999Z";"2025-07-29T07:57:00.000Z";"2025-07-29T20:17:00.000Z";"2790";3.9886166582;4.1289456477;3.918294662;3.9926455647;126927881.45690092;1554931042.0133576;390934204;"2025-07-29T23:59:59.999Z"
"2025-07-28T00:00:00.000Z";"2025-07-28T23:59:59.999Z";"2025-07-28T13:11:00.000Z";"2025-07-28T23:31:00.000Z";"2790";4.1467898165;4.2380604863;3.9855704007;3.9891782175;123987253.30000387;1538191802.9941244;390934204;"2025-07-28T23:59:59.999Z"
"2025-07-27T00:00:00.000Z";"2025-07-27T23:59:59.999Z";"2025-07-27T22:52:00.000Z";"2025-07-27T09:52:00.000Z";"2790";4.0581912263;4.1574381937;4.0354301475;4.1460732214;69551370.59429318;1622375943.0153902;390934204;"2025-07-27T23:59:59.999Z"
"2025-07-26T00:00:00.000Z";"2025-07-26T23:59:59.999Z";"2025-07-26T20:01:00.000Z";"2025-07-26T02:01:00.000Z";"2790";4.0088768819;4.1151598586;3.9789362814;4.0582030501;66474295.317794256;1586485756.7359774;390934204;"2025-07-26T23:59:59.999Z"
"2025-07-25T00:00:00.000Z";"2025-07-25T23:59:59.999Z";"2025-07-25T12:14:00.000Z";"2025-07-25T15:45:00.000Z";"2790";3.9344249212;4.0209682072;3.8571107587;4.0088768819;123962190.5336874;1566104381.2775006;390934204;"2025-07-25T23:59:59.999Z"
"2025-07-24T00:00:00.000Z";"2025-07-24T23:59:59.999Z";"2025-07-24T15:21:00.000Z";"2025-07-24T07:08:00.000Z";"2790";3.9939560915;4.0769981983;3.8132965311;3.9339578136;134086015.70925072;1535674933.848072;390934204;"2025-07-24T23:59:59.999Z"
"2025-07-23T00:00:00.000Z";"2025-07-23T23:59:59.999Z";"2025-07-23T05:02:00.000Z";"2025-07-23T21:28:00.000Z";"2790";4.352945826;4.3698210842;3.8872412366;3.9930780166;171908712.08368948;1566049115.4085515;390934204;"2025-07-23T23:59:59.999Z"
"2025-07-22T00:00:00.000Z";"2025-07-22T23:59:59.999Z";"2025-07-22T02:41:00.000Z";"2025-07-22T09:19:00.000Z";"2790";4.4402490137;4.4521733053;4.2188564935;4.3529509354;149242946.30105236;1707963478.652247;390934204;"2025-07-22T23:59:59.999Z"
"2025-07-21T00:00:00.000Z";"2025-07-21T23:59:59.999Z";"2025-07-21T15:25:00.000Z";"2025-07-21T01:40:00.000Z";"2790";4.4553918983;4.5369081343;4.3679215267;4.4401191919;147985994.15289208;1745599707.830133;390934204;"2025-07-21T23:59:59.999Z"
"2025-07-20T00:00:00.000Z";"2025-07-20T23:59:59.999Z";"2025-07-20T16:46:00.000Z";"2025-07-20T02:11:00.000Z";"2790";4.315737092;4.5336081927;4.2938014182;4.4546405858;139212732.79327032;1741925108.6259727;390934204;"2025-07-20T23:59:59.999Z"
"2025-07-19T00:00:00.000Z";"2025-07-19T23:59:59.999Z";"2025-07-19T19:46:00.000Z";"2025-07-19T01:09:00.000Z";"2790";4.1751413119;4.3356930013;4.0994414235;4.315689317;107790552.51523636;1687169244.7197294;390934204;"2025-07-19T23:59:59.999Z"
"2025-07-18T00:00:00.000Z";"2025-07-18T23:59:59.999Z";"2025-07-18T07:10:00.000Z";"2025-07-18T23:10:00.000Z";"2790";4.193020434;4.4299259471;4.1276742321;4.1751195998;188906710.215819;1634074193.0899005;390934204;"2025-07-18T23:59:59.999Z"
"2025-07-17T00:00:00.000Z";"2025-07-17T23:59:59.999Z";"2025-07-17T23:23:00.000Z";"2025-07-17T03:43:00.000Z";"2790";4.0799567883;4.2132722149;4.0010753141;4.1920777957;148863632.67167532;1636337258.8065915;390934204;"2025-07-17T23:59:59.999Z"
"2025-07-16T00:00:00.000Z";"2025-07-16T23:59:59.999Z";"2025-07-16T22:07:00.000Z";"2025-07-16T04:19:00.000Z";"2790";4.022162574;4.1850236911;3.9732273089;4.0802938422;123055434.13871843;1598795456.0222516;390934204;"2025-07-16T23:59:59.999Z"
"2025-07-15T00:00:00.000Z";"2025-07-15T23:59:59.999Z";"2025-07-15T23:41:00.000Z";"2025-07-15T03:22:00.000Z";"2790";3.9043244434;4.0539975516;3.8017770735;4.0221905872;120972902.89291067;1564640091.5300987;390934204;"2025-07-15T23:59:59.999Z"
"2025-07-14T00:00:00.000Z";"2025-07-14T23:59:59.999Z";"2025-07-14T05:01:00.000Z";"2025-07-14T20:19:00.000Z";"2790";4.0083610839;4.1534285121;3.8552870268;3.9039236421;128222878.28729622;1523810952.2958596;390934204;"2025-07-14T23:59:59.999Z"
"2025-07-13T00:00:00.000Z";"2025-07-13T23:59:59.999Z";"2025-07-13T19:42:00.000Z";"2025-07-13T02:37:00.000Z";"2790";3.9211802416;4.071881348;3.9091511846;4.0094711127;82644406.99634534;1566425021.0009716;390934204;"2025-07-13T23:59:59.999Z"
"2025-07-12T00:00:00.000Z";"2025-07-12T23:59:59.999Z";"2025-07-12T07:18:00.000Z";"2025-07-12T15:46:00.000Z";"2790";3.9752458666;4.0383530301;3.8525680652;3.9211802416;93340476.99257539;1532923476.4883215;390934204;"2025-07-12T23:59:59.999Z"
"2025-07-11T00:00:00.000Z";"2025-07-11T23:59:59.999Z";"2025-07-11T15:38:00.000Z";"2025-07-11T00:32:00.000Z";"2790";3.9446810979;4.0909833624;3.9068179505;3.9730405461;180590886.78935403;1552341121.1174297;390934204;"2025-07-11T23:59:59.999Z"
"2025-07-10T00:00:00.000Z";"2025-07-10T23:59:59.999Z";"2025-07-10T23:21:00.000Z";"2025-07-10T15:56:00.000Z";"2790";3.6737402158;3.9462041656;3.6730691383;3.9450088389;111393570.16891262;1537054332.8608212;390934204;"2025-07-10T23:59:59.999Z"
"2025-07-09T00:00:00.000Z";"2025-07-09T23:59:59.999Z";"2025-07-09T22:15:00.000Z";"2025-07-09T01:41:00.000Z";"2790";3.5192352166;3.717520025;3.4958044203;3.6771864283;104213071.7746992;1438244450.6284802;390934204;"2025-07-09T23:59:59.999Z"
"2025-07-08T00:00:00.000Z";"2025-07-08T23:59:59.999Z";"2025-07-08T21:32:00.000Z";"2025-07-08T04:28:00.000Z";"2790";3.4467886177;3.556213468;3.4061328108;3.519519901;70936038.35581438;1374286158.0362673;390934204;"2025-07-08T23:59:59.999Z"
"2025-07-07T00:00:00.000Z";"2025-07-07T23:59:59.999Z";"2025-07-07T03:31:00.000Z";"2025-07-07T18:31:00.000Z";"2790";3.4631257307;3.4901762773;3.4327973808;3.4467356344;53773666.507777326;1342452741.7330477;390934204;"2025-07-07T23:59:59.999Z"
"2025-07-06T00:00:00.000Z";"2025-07-06T23:59:59.999Z";"2025-07-06T22:11:00.000Z";"2025-07-06T10:06:00.000Z";"2790";3.4061078131;3.5091065832;3.3820059027;3.4633909114;52609884.261149235;1354053662.8308203;390934204;"2025-07-06T23:59:59.999Z"
"2025-07-05T00:00:00.000Z";"2025-07-05T23:59:59.999Z";"2025-07-05T07:06:00.000Z";"2025-07-05T18:29:00.000Z";"2790";3.3977628524;3.4223931833;3.3527820446;3.4061078131;45696675.42521578;1331564046.6388664;390934204;"2025-07-05T23:59:59.999Z"
"2025-07-04T00:00:00.000Z";"2025-07-04T23:59:59.999Z";"2025-07-04T01:26:00.000Z";"2025-07-04T16:35:00.000Z";"2790";3.5542604944;3.563313113;3.3664695705;3.3977628524;67266190.62449199;1329324940.4751034;390934204;"2025-07-04T23:59:59.999Z"
"2025-07-03T00:00:00.000Z";"2025-07-03T23:59:59.999Z";"2025-07-03T07:55:00.000Z";"2025-07-03T02:47:00.000Z";"2790";3.5369652665;3.6113566387;3.5258226313;3.5546830001;70924399.34186006;1386091883.913456;390934204;"2025-07-03T23:59:59.999Z"
"2025-07-02T00:00:00.000Z";"2025-07-02T23:59:59.999Z";"2025-07-02T20:31:00.000Z";"2025-07-02T01:19:00.000Z";"2790";3.3296336431;3.6012188578;3.3144612479;3.5364710966;79639565.06076449;1381916426.5763946;390934204;"2025-07-02T23:59:59.999Z"
"2025-07-01T00:00:00.000Z";"2025-07-01T23:59:59.999Z";"2025-07-01T00:22:00.000Z";"2025-07-01T23:17:00.000Z";"2790";3.4740439716;3.4824354316;3.3209277261;3.3298498327;56344550.16803791;1303749842.156534;390934204;"2025-07-01T23:59:59.999Z"
"2025-06-30T00:00:00.000Z";"2025-06-30T23:59:59.999Z";"2025-06-30T00:28:00.000Z";"2025-06-30T15:22:00.000Z";"2790";3.5869888981;3.6059646685;3.4615962848;3.4744491798;66955247.62404819;1365013794.1712856;390934204;"2025-06-30T23:59:59.999Z"
"2025-06-29T00:00:00.000Z";"2025-06-29T23:59:59.999Z";"2025-06-29T23:24:00.000Z";"2025-06-29T05:11:00.000Z";"2790";3.4091020846;3.6019201367;3.3845925944;3.586299044;62290806.19545603;1403033090.3560085;390934204;"2025-06-29T23:59:59.999Z"
"2025-06-28T00:00:00.000Z";"2025-06-28T23:59:59.999Z";"2025-06-28T16:40:00.000Z";"2025-06-28T01:40:00.000Z";"2790";3.348979153;3.4357849891;3.3453438264;3.4091020846;52870268.47730403;1332734609.8165326;390934204;"2025-06-28T23:59:59.999Z"
"2025-06-27T00:00:00.000Z";"2025-06-27T23:59:59.999Z";"2025-06-27T03:52:00.000Z";"2025-06-27T18:50:00.000Z";"2790";3.3308415889;3.3684652096;3.2935545591;3.348979153;57551365.077526264;1312248849.6088927;390934204;"2025-06-27T23:59:59.999Z"
"2025-06-26T00:00:00.000Z";"2025-06-26T23:59:59.999Z";"2025-06-26T03:07:00.000Z";"2025-06-26T23:59:00.000Z";"2790";3.4236911443;3.4692838101;3.3310428516;3.3310428516;66197344.761628546;1303233184.6137466;390934204;"2025-06-26T23:59:59.999Z"
"2025-06-25T00:00:00.000Z";"2025-06-25T23:59:59.999Z";"2025-06-25T03:40:00.000Z";"2025-06-25T23:13:00.000Z";"2790";3.5079761195;3.511198968;3.4146630346;3.4236791438;77137489.82786778;1346668282.4495127;390934204;"2025-06-25T23:59:59.999Z"
"2025-06-24T00:00:00.000Z";"2025-06-24T23:59:59.999Z";"2025-06-24T17:03:00.000Z";"2025-06-24T04:38:00.000Z";"2790";3.5184282914;3.5583593155;3.4447634255;3.5079435307;95405373.37258121;1373087061.405723;390934204;"2025-06-24T23:59:59.999Z"
"2025-06-23T00:00:00.000Z";"2025-06-23T23:59:59.999Z";"2025-06-23T23:03:00.000Z";"2025-06-23T01:34:00.000Z";"2790";3.2318119414;3.5309021887;3.2318119414;3.518187531;89213204.88134177;1387204054.0213718;390934204;"2025-06-23T23:59:59.999Z"
"2025-06-22T00:00:00.000Z";"2025-06-22T23:59:59.999Z";"2025-06-22T00:40:00.000Z";"2025-06-22T20:32:00.000Z";"2790";3.2812396899;3.3326384771;3.1103282503;3.231104033;131191715.17353962;1260736446.008755;390934204;"2025-06-22T23:59:59.999Z"
"2025-06-21T00:00:00.000Z";"2025-06-21T23:59:59.999Z";"2025-06-21T06:31:00.000Z";"2025-06-21T21:34:00.000Z";"2790";3.4098456681;3.4619090191;3.2384760416;3.2811940206;70236787.64006451;1282687905.4401085;390934204;"2025-06-21T23:59:59.999Z"
"2025-06-20T00:00:00.000Z";"2025-06-20T23:59:59.999Z";"2025-06-20T08:29:00.000Z";"2025-06-20T17:40:00.000Z";"2790";3.5093591744;3.5439174159;3.3279527997;3.4100076177;75540993.76449725;1334568087.1807642;390934204;"2025-06-20T23:59:59.999Z"
"2025-06-19T00:00:00.000Z";"2025-06-19T23:59:59.999Z";"2025-06-19T22:44:00.000Z";"2025-06-19T17:01:00.000Z";"2790";3.4985182003;3.541757502;3.4613328431;3.509674819;58926404.418021776;1376194293.7540703;390934204;"2025-06-19T23:59:59.999Z"
"2025-06-18T00:00:00.000Z";"2025-06-18T23:59:59.999Z";"2025-06-18T04:50:00.000Z";"2025-06-18T13:31:00.000Z";"2790";3.5086911147;3.5402531051;3.4128136734;3.4989718854;69886839.8946353;1366991970.7333012;390934204;"2025-06-18T23:59:59.999Z"
"2025-06-17T00:00:00.000Z";"2025-06-17T23:59:59.999Z";"2025-06-17T03:13:00.000Z";"2025-06-17T17:16:00.000Z";"2790";3.5876422052;3.6274898307;3.462073683;3.5089642862;89626267.61093028;1363101297.9366531;390934204;"2025-06-17T23:59:59.999Z"
"2025-06-16T00:00:00.000Z";"2025-06-16T23:59:59.999Z";"2025-06-16T21:05:00.000Z";"2025-06-16T01:20:00.000Z";"2790";3.5443278383;3.711838857;3.5254518642;3.5880639693;75324968.80043595;1403084637.9096615;390934204;"2025-06-16T23:59:59.999Z"
"2025-06-15T00:00:00.000Z";"2025-06-15T23:59:59.999Z";"2025-06-15T06:01:00.000Z";"2025-06-15T20:52:00.000Z";"2790";3.5425449045;3.5762509515;3.4749282471;3.5443278383;61077971.88549932;1385598982.1811857;390934204;"2025-06-15T23:59:59.999Z"
"2025-06-14T00:00:00.000Z";"2025-06-14T23:59:59.999Z";"2025-06-14T13:17:00.000Z";"2025-06-14T20:19:00.000Z";"2790";3.576723144;3.6014908587;3.4883078462;3.5425449045;64574569.44986857;1384901972.3742974;390934204;"2025-06-14T23:59:59.999Z"
"2025-06-13T00:00:00.000Z";"2025-06-13T23:59:59.999Z";"2025-06-13T00:00:00.000Z";"2025-06-13T01:43:00.000Z";"2790";3.6496495585;3.6496495585;3.4845827207;3.5767629547;135391277.10236165;1391181304.3114138;390934204;"2025-06-13T23:59:59.999Z"
"2025-06-12T00:00:00.000Z";"2025-06-12T23:59:59.999Z";"2025-06-12T00:01:00.000Z";"2025-06-12T23:58:00.000Z";"2790";3.9189664962;3.9190789143;3.6522064382;3.6524415239;94927243.4777893;1438936412.191175;390934204;"2025-06-12T23:59:59.999Z"
"2025-06-11T00:00:00.000Z";"2025-06-11T23:59:59.999Z";"2025-06-11T14:38:00.000Z";"2025-06-11T22:43:00.000Z";"2790";4.0194282434;4.0251112084;3.8841978743;3.9202926857;113597456.93078664;1541792263.8384514;390934204;"2025-06-11T23:59:59.999Z"
"2025-06-10T00:00:00.000Z";"2025-06-10T23:59:59.999Z";"2025-06-10T22:35:00.000Z";"2025-06-10T06:19:00.000Z";"2790";3.8820862391;4.0432927186;3.8433359554;4.0194489467;121926889.53082825;1572884788.791906;390934204;"2025-06-10T23:59:59.999Z"
"2025-06-09T00:00:00.000Z";"2025-06-09T23:59:59.999Z";"2025-06-09T23:49:00.000Z";"2025-06-09T06:20:00.000Z";"2790";3.7413692899;3.8875609416;3.6905344233;3.881389818;84107138.82368049;1520258795.5678716;390934204;"2025-06-09T23:59:59.999Z"
"2025-06-08T00:00:00.000Z";"2025-06-08T23:59:59.999Z";"2025-06-08T17:10:00.000Z";"2025-06-08T10:16:00.000Z";"2790";3.7799512771;3.7944396324;3.6953385329;3.7407291422;67201902.39127378;1463420033.1336036;390934204;"2025-06-08T23:59:59.999Z"
"2025-06-07T00:00:00.000Z";"2025-06-07T23:59:59.999Z";"2025-06-07T22:40:00.000Z";"2025-06-07T00:21:00.000Z";"2790";3.670250675;3.7982881461;3.6663543107;3.779895395;57224893.800417304;1477690397.4369147;390934204;"2025-06-07T23:59:59.999Z"
"2025-06-06T00:00:00.000Z";"2025-06-06T23:59:59.999Z";"2025-06-06T20:31:00.000Z";"2025-06-06T00:23:00.000Z";"2790";3.5730189543;3.7657797186;3.5631369278;3.6702506888;93845371.63644192;1428232730.2664464;390934204;"2025-06-06T23:59:59.999Z"
"2025-06-05T00:00:00.000Z";"2025-06-05T23:59:59.999Z";"2025-06-05T12:58:00.000Z";"2025-06-05T21:03:00.000Z";"2790";3.7467569506;3.8022411454;3.5336457983;3.5731080279;108747280.66126475;1400747605.36576;390934204;"2025-06-05T23:59:59.999Z"
"2025-06-04T00:00:00.000Z";"2025-06-04T23:59:59.999Z";"2025-06-04T01:28:00.000Z";"2025-06-04T20:25:00.000Z";"2790";3.8803847251;3.9202451566;3.7252449193;3.7471411455;84667491.85729945;1469469670.0712717;390934204;"2025-06-04T23:59:59.999Z"
"2025-06-03T00:00:00.000Z";"2025-06-03T23:59:59.999Z";"2025-06-03T02:07:00.000Z";"2025-06-03T21:58:00.000Z";"2790";3.9034690918;3.9612301873;3.8642398087;3.8807997173;84564060.20643467;1507808313.291918;390934204;"2025-06-03T23:59:59.999Z"
"2025-06-02T00:00:00.000Z";"2025-06-02T23:59:59.999Z";"2025-06-02T22:32:00.000Z";"2025-06-02T10:37:00.000Z";"2790";3.8460162692;3.9219066756;3.7356417064;3.9039107112;75889657.16373555;1539476436.5277417;390934204;"2025-06-02T23:59:59.999Z"
"2025-06-01T00:00:00.000Z";"2025-06-01T23:59:59.999Z";"2025-06-01T23:17:00.000Z";"2025-06-01T09:58:00.000Z";"2790";3.8340356836;3.8598790932;3.762733481;3.8452224216;63685224.49302275;1504266815.7871845;390934204;"2025-06-01T23:59:59.999Z"
"2025-05-31T00:00:00.000Z";"2025-05-31T23:59:59.999Z";"2025-05-31T21:46:00.000Z";"2025-05-31T03:22:00.000Z";"2790";3.7846480739;3.8699666758;3.7055657711;3.8342761484;88788788.65033832;1498855688.0956235;390934204;"2025-05-31T23:59:59.999Z"
"2025-05-30T00:00:00.000Z";"2025-05-30T23:59:59.999Z";"2025-05-30T00:19:00.000Z";"2025-05-30T23:20:00.000Z";"2790";4.0544985718;4.0751124644;3.7665463471;3.7846368875;130026530.6735267;1475745584.9109442;390934204;"2025-05-30T23:59:59.999Z"
"2025-05-29T00:00:00.000Z";"2025-05-29T23:59:59.999Z";"2025-05-29T03:19:00.000Z";"2025-05-29T23:54:00.000Z";"2790";4.3059418554;4.3671463019;4.0531011248;4.0540055074;100851489.32467237;1605843060.850713;390934204;"2025-05-29T23:59:59.999Z"
"2025-05-28T00:00:00.000Z";"2025-05-28T23:59:59.999Z";"2025-05-28T12:48:00.000Z";"2025-05-28T19:47:00.000Z";"2790";4.1961175215;4.3014221552;4.1171748812;4.3014221552;97159559.65409496;1667300671.4170642;390934204;"2025-05-28T23:59:59.999Z"
"2025-05-27T00:00:00.000Z";"2025-05-27T23:59:59.999Z";"2025-05-27T13:22:00.000Z";"2025-05-27T01:25:00.000Z";"2790";4.1958242652;4.357733187;4.1122349867;4.1959107803;110409814.80691749;1632990769.3048396;390934204;"2025-05-27T23:59:59.999Z"
"2025-05-26T00:00:00.000Z";"2025-05-26T23:59:59.999Z";"2025-05-26T08:35:00.000Z";"2025-05-26T19:44:00.000Z";"2790";4.213658032;4.3410026922;4.1759444636;4.1949294303;86530869.98790596;1642355032.2428293;390934204;"2025-05-26T23:59:59.999Z"
"2025-05-25T00:00:00.000Z";"2025-05-25T23:59:59.999Z";"2025-05-25T23:11:00.000Z";"2025-05-25T15:29:00.000Z";"2790";4.1523013462;4.2329949684;4.031618518;4.2146306765;100117118.78954653;1647980683.7983742;390934204;"2025-05-25T23:59:59.999Z"
"2025-05-24T00:00:00.000Z";"2025-05-24T23:59:59.999Z";"2025-05-24T04:28:00.000Z";"2025-05-24T23:10:00.000Z";"2790";4.2137434072;4.2692695269;4.1332508336;4.1523013462;91693545.6046023;1623276621.545345;390934204;"2025-05-24T23:59:59.999Z"
"2025-05-23T00:00:00.000Z";"2025-05-23T23:59:59.999Z";"2025-05-23T04:08:00.000Z";"2025-05-23T23:50:00.000Z";"2790";4.6219548581;4.7179506706;4.2054074433;4.213459355;157658254.30972505;1660066149.9805984;390934204;"2025-05-23T23:59:59.999Z"
"2025-05-22T00:00:00.000Z";"2025-05-22T23:59:59.999Z";"2025-05-22T17:40:00.000Z";"2025-05-22T00:03:00.000Z";"2790";4.3974517311;4.6396624056;4.3938476932;4.621561149;126592472.21908277;1798942994.818285;390934204;"2025-05-22T23:59:59.999Z"
"2025-05-21T00:00:00.000Z";"2025-05-21T23:59:59.999Z";"2025-05-21T16:50:00.000Z";"2025-05-21T02:16:00.000Z";"2790";4.2932006443;4.4576093251;4.239152089;4.3980397556;123715443.25840046;1725757402.7309105;390934204;"2025-05-21T23:59:59.999Z"
"2025-05-20T00:00:00.000Z";"2025-05-20T23:59:59.999Z";"2025-05-20T02:28:00.000Z";"2025-05-20T12:52:00.000Z";"2790";4.2590500204;4.3350347943;4.1577885906;4.2936610515;87268361.98574603;1686740777.2506402;390934204;"2025-05-20T23:59:59.999Z"
"2025-05-19T00:00:00.000Z";"2025-05-19T23:59:59.999Z";"2025-05-19T00:10:00.000Z";"2025-05-19T12:58:00.000Z";"2790";4.438032672;4.4655875602;4.1029662285;4.258987829;106933120.96500345;1671471773.888799;390934204;"2025-05-19T23:59:59.999Z"
"2025-05-18T00:00:00.000Z";"2025-05-18T23:59:59.999Z";"2025-05-18T16:13:00.000Z";"2025-05-18T20:16:00.000Z";"2790";4.227196506;4.5875302306;4.1734531839;4.4405783691;143225694.21738148;1739453299.9061728;390934204;"2025-05-18T23:59:59.999Z"
"2025-05-17T00:00:00.000Z";"2025-05-17T23:59:59.999Z";"2025-05-17T00:18:00.000Z";"2025-05-17T02:18:00.000Z";"2790";4.3104368527;4.3215615056;4.180866104;4.227196506;80498615.75666943;1652555701.2096758;390934204;"2025-05-17T23:59:59.999Z"
"2025-05-16T00:00:00.000Z";"2025-05-16T23:59:59.999Z";"2025-05-16T11:23:00.000Z";"2025-05-16T22:57:00.000Z";"2790";4.3423587233;4.4428619924;4.2917729103;4.3104368527;80283778.04612526;1680582997.5468662;390934204;"2025-05-16T23:59:59.999Z"
"2025-05-15T00:00:00.000Z";"2025-05-15T23:59:59.999Z";"2025-05-15T00:56:00.000Z";"2025-05-15T14:52:00.000Z";"2790";4.5556866629;4.5778467123;4.2694862214;4.3422933667;118550574.58500099;1699022402.9871123;390934204;"2025-05-15T23:59:59.999Z"
"2025-05-14T00:00:00.000Z";"2025-05-14T23:59:59.999Z";"2025-05-14T01:19:00.000Z";"2025-05-14T15:26:00.000Z";"2790";4.7223297347;4.7680991881;4.5130504094;4.555538925;90886415.07622989;1780390206.5152576;390934204;"2025-05-14T23:59:59.999Z"
"2025-05-13T00:00:00.000Z";"2025-05-13T23:59:59.999Z";"2025-05-13T19:49:00.000Z";"2025-05-13T03:53:00.000Z";"2790";4.71884106;4.7891838728;4.504411765;4.7222663252;119541905.1906603;1861075706.7765462;390934204;"2025-05-13T23:59:59.999Z"
"2025-05-12T00:00:00.000Z";"2025-05-12T23:59:59.999Z";"2025-05-12T07:35:00.000Z";"2025-05-12T18:54:00.000Z";"2790";4.7303450291;4.9250268176;4.6475082422;4.7190849386;141822916.8898927;1823063529.1725438;390934204;"2025-05-12T23:59:59.999Z"
"2025-05-11T00:00:00.000Z";"2025-05-11T23:59:59.999Z";"2025-05-11T00:11:00.000Z";"2025-05-11T07:46:00.000Z";"2790";4.7789897684;4.8103110172;4.5577897866;4.7296655957;116077963.26025097;1845607511.431953;390934204;"2025-05-11T23:59:59.999Z"
"2025-05-10T00:00:00.000Z";"2025-05-10T23:59:59.999Z";"2025-05-10T23:55:00.000Z";"2025-05-10T01:56:00.000Z";"2790";4.3873157552;4.7823145725;4.3315644117;4.7790299105;138971419.53882855;1868286253.9402244;390934204;"2025-05-10T23:59:59.999Z"
"2025-05-09T00:00:00.000Z";"2025-05-09T23:59:59.999Z";"2025-05-09T14:19:00.000Z";"2025-05-09T00:38:00.000Z";"2790";4.0383289337;4.4298419605;4.0363646051;4.3873157552;169866442.8059607;1718547941.609989;390934204;"2025-05-09T23:59:59.999Z"
"2025-05-08T00:00:00.000Z";"2025-05-08T23:59:59.999Z";"2025-05-08T21:26:00.000Z";"2025-05-08T00:18:00.000Z";"2790";3.6875430296;4.0720325641;3.6795599195;4.0400610517;97138454.1060405;1568276578.473589;390934204;"2025-05-08T23:59:59.999Z"
"2025-05-07T00:00:00.000Z";"2025-05-07T23:59:59.999Z";"2025-05-07T10:10:00.000Z";"2025-05-07T16:40:00.000Z";"2790";3.6253208588;3.686438498;3.6027306225;3.686438498;99071616.16826451;1436871126.4412658;390934204;"2025-05-07T23:59:59.999Z"
"2025-05-06T00:00:00.000Z";"2025-05-06T23:59:59.999Z";"2025-05-06T23:52:00.000Z";"2025-05-06T21:42:00.000Z";"2790";3.5979619185;3.6315396645;3.5144465304;3.6245526619;68273384.63364688;1420767479.4416208;390934204;"2025-05-06T23:59:59.999Z"
"2025-05-05T00:00:00.000Z";"2025-05-05T23:59:59.999Z";"2025-05-05T06:04:00.000Z";"2025-05-05T13:43:00.000Z";"2790";3.6172031546;3.7010758414;3.5730840199;3.5973000076;74405187.90104175;1405425528.4866874;390934204;"2025-05-05T23:59:59.999Z"
"2025-05-04T00:00:00.000Z";"2025-05-04T23:59:59.999Z";"2025-05-04T02:27:00.000Z";"2025-05-04T22:40:00.000Z";"2790";3.7365492796;3.7527260324;3.6022594701;3.6165315428;66672453.94336236;1416441834.652702;390934204;"2025-05-04T23:59:59.999Z"
"2025-05-03T00:00:00.000Z";"2025-05-03T23:59:59.999Z";"2025-05-03T00:02:00.000Z";"2025-05-03T17:12:00.000Z";"2790";3.8644556118;3.8649787057;3.6956138752;3.7365519312;55726937.190827385;1460745954.9209495;390934204;"2025-05-03T23:59:59.999Z"
"2025-05-02T00:00:00.000Z";"2025-05-02T23:59:59.999Z";"2025-05-02T03:11:00.000Z";"2025-05-02T23:06:00.000Z";"2790";3.9196197747;3.9894232441;3.8354819475;3.8644570018;65796559.77495868;1511275509.015519;390934204;"2025-05-02T23:59:59.999Z"
"2025-05-01T00:00:00.000Z";"2025-05-01T23:59:59.999Z";"2025-05-01T17:22:00.000Z";"2025-05-01T00:34:00.000Z";"2790";3.7981300604;3.9676537424;3.7945871777;3.9202577323;62392029.697968766;1529134747.4482355;390934204;"2025-05-01T23:59:59.999Z"
"2025-04-30T00:00:00.000Z";"2025-04-30T23:59:59.999Z";"2025-04-30T11:46:00.000Z";"2025-04-30T14:01:00.000Z";"2790";3.8460693197;3.8886491189;3.7291689568;3.7972083984;72386003.8358233;1475933647.8109405;390934204;"2025-04-30T23:59:59.999Z"
"2025-04-29T00:00:00.000Z";"2025-04-29T23:59:59.999Z";"2025-04-29T08:24:00.000Z";"2025-04-29T23:22:00.000Z";"2790";3.9110787723;3.979223174;3.8145092378;3.8468387648;71674903.2555823;1501067604.1463315;390934204;"2025-04-29T23:59:59.999Z"
"2025-04-28T00:00:00.000Z";"2025-04-28T23:59:59.999Z";"2025-04-28T08:19:00.000Z";"2025-04-28T01:44:00.000Z";"2790";3.8652324573;3.9618254365;3.7805578957;3.9114892971;80822209.55172607;1537698395.264926;390934204;"2025-04-28T23:59:59.999Z"
"2025-04-27T00:00:00.000Z";"2025-04-27T23:59:59.999Z";"2025-04-27T00:24:00.000Z";"2025-04-27T16:37:00.000Z";"2790";4.0296148512;4.0523436398;3.8502452841;3.8642548878;115908167.72024725;1504553143.8252764;390934204;"2025-04-27T23:59:59.999Z"
"2025-04-26T00:00:00.000Z";"2025-04-26T23:59:59.999Z";"2025-04-26T17:00:00.000Z";"2025-04-26T00:01:00.000Z";"2790";3.9846957851;4.14864548;3.9845873106;4.0296148512;101646011.62425596;1573698935.5016954;390934204;"2025-04-26T23:59:59.999Z"
"2025-04-25T00:00:00.000Z";"2025-04-25T23:59:59.999Z";"2025-04-25T17:31:00.000Z";"2025-04-25T02:58:00.000Z";"2790";4.0017325812;4.0669165258;3.906551961;3.9846581547;93627009.98906091;1562171827.2667418;390934204;"2025-04-25T23:59:59.999Z"
"2025-04-24T00:00:00.000Z";"2025-04-24T23:59:59.999Z";"2025-04-24T17:07:00.000Z";"2025-04-24T08:50:00.000Z";"2790";3.8901402257;4.047694015;3.7725233684;4.0017052748;117263362.18139939;1570358343.87235;390934204;"2025-04-24T23:59:59.999Z"
"2025-04-23T00:00:00.000Z";"2025-04-23T23:59:59.999Z";"2025-04-23T23:11:00.000Z";"2025-04-23T15:30:00.000Z";"2790";3.7973264708;3.9167143046;3.7703840102;3.8892648614;120845632.43222353;1517940740.389617;390934204;"2025-04-23T23:59:59.999Z"
"2025-04-22T00:00:00.000Z";"2025-04-22T23:59:59.999Z";"2025-04-22T22:04:00.000Z";"2025-04-22T06:43:00.000Z";"2790";3.5294820204;3.8103692067;3.4674376811;3.7993781874;124554223.08426245;1463463519.5330105;390934204;"2025-04-22T23:59:59.999Z"
"2025-04-21T00:00:00.000Z";"2025-04-21T23:59:59.999Z";"2025-04-21T08:40:00.000Z";"2025-04-21T23:49:00.000Z";"2790";3.6285989061;3.714174989;3.5172750897;3.5302269721;92966357.78531314;1387758393.3443685;390934204;"2025-04-21T23:59:59.999Z"
"2025-04-20T00:00:00.000Z";"2025-04-20T23:59:59.999Z";"2025-04-20T05:20:00.000Z";"2025-04-20T15:59:00.000Z";"2790";3.7047376375;3.7446360352;3.6122233279;3.6284244358;61924123.339026436;1427983513.6108847;390934204;"2025-04-20T23:59:59.999Z"
"2025-04-19T00:00:00.000Z";"2025-04-19T23:59:59.999Z";"2025-04-19T21:57:00.000Z";"2025-04-19T00:01:00.000Z";"2790";3.6270325049;3.7326887327;3.6253064829;3.7047102026;64012772.857202955;1448297934.0867412;390934204;"2025-04-19T23:59:59.999Z"
"2025-04-18T00:00:00.000Z";"2025-04-18T23:59:59.999Z";"2025-04-18T19:13:00.000Z";"2025-04-18T01:04:00.000Z";"2790";3.6140834698;3.7102547234;3.5846375202;3.6270325049;61505618.52848396;1417931065.2108562;390934204;"2025-04-18T23:59:59.999Z"
"2025-04-17T00:00:00.000Z";"2025-04-17T23:59:59.999Z";"2025-04-17T19:11:00.000Z";"2025-04-17T03:31:00.000Z";"2790";3.5282331113;3.681644265;3.5128776626;3.6140834698;87854273.44220406;1410114836.3137105;390934204;"2025-04-17T23:59:59.999Z"
"2025-04-16T00:00:00.000Z";"2025-04-16T23:59:59.999Z";"2025-04-16T20:34:00.000Z";"2025-04-16T18:02:00.000Z";"2790";3.5233823386;3.5873425939;3.4673062305;3.5265024321;84975216.15722592;1391450672.2554002;390934204;"2025-04-16T23:59:59.999Z"
"2025-04-15T00:00:00.000Z";"2025-04-15T23:59:59.999Z";"2025-04-15T09:55:00.000Z";"2025-04-15T23:59:00.000Z";"2790";3.6407845356;3.6838921899;3.5224107197;3.5234119375;78345578.24039973;1372125520.8408957;390934204;"2025-04-15T23:59:59.999Z"
"2025-04-14T00:00:00.000Z";"2025-04-14T23:59:59.999Z";"2025-04-14T02:37:00.000Z";"2025-04-14T09:49:00.000Z";"2790";3.6535966431;3.747657046;3.5722765188;3.6415276152;118342891.29121388;1422764946.5952578;390934204;"2025-04-14T23:59:59.999Z"
"2025-04-13T00:00:00.000Z";"2025-04-13T23:59:59.999Z";"2025-04-13T00:55:00.000Z";"2025-04-13T19:46:00.000Z";"2790";3.8321520894;3.8610067006;3.5917473726;3.6543037111;99140065.01415691;1426443987.5904698;390934204;"2025-04-13T23:59:59.999Z"
"2025-04-12T00:00:00.000Z";"2025-04-12T23:59:59.999Z";"2025-04-12T22:23:00.000Z";"2025-04-12T06:38:00.000Z";"2790";3.7395458497;3.8676904969;3.6723239891;3.8321520894;100016433.690791;1498999034.9166017;390934204;"2025-04-12T23:59:59.999Z"
"2025-04-11T00:00:00.000Z";"2025-04-11T23:59:59.999Z";"2025-04-11T02:32:00.000Z";"2025-04-11T16:29:00.000Z";"2790";3.8490071363;3.8947694594;3.7298492944;3.739545965;111669544.20103817;1473764993.0063572;390934204;"2025-04-11T23:59:59.999Z"
"2025-04-10T00:00:00.000Z";"2025-04-10T23:59:59.999Z";"2025-04-10T00:02:00.000Z";"2025-04-10T15:53:00.000Z";"2790";4.1396836522;4.1409156982;3.7803755752;3.8499259461;116290590.4680396;1547064652.8878186;390934204;"2025-04-10T23:59:59.999Z"
"2025-04-09T00:00:00.000Z";"2025-04-09T23:59:59.999Z";"2025-04-09T18:25:00.000Z";"2025-04-09T01:31:00.000Z";"2790";3.7930948045;4.1787163574;3.6469020712;4.1403355503;167585220.66039017;1614527774.5916433;390934204;"2025-04-09T23:59:59.999Z"
"2025-04-08T00:00:00.000Z";"2025-04-08T23:59:59.999Z";"2025-04-08T13:31:00.000Z";"2025-04-08T17:29:00.000Z";"2790";3.9705162265;4.0349906735;3.7637082799;3.7908430615;125521905.87419175;1491243275.8782961;390934204;"2025-04-08T23:59:59.999Z"
"2025-04-07T00:00:00.000Z";"2025-04-07T23:59:59.999Z";"2025-04-07T01:25:00.000Z";"2025-04-07T07:38:00.000Z";"2790";4.0420902667;4.1490073882;3.6785839657;3.9698221632;235327072.9716574;1542851187.057174;390934204;"2025-04-07T23:59:59.999Z"
"2025-04-06T00:00:00.000Z";"2025-04-06T23:59:59.999Z";"2025-04-06T01:38:00.000Z";"2025-04-06T23:34:00.000Z";"2790";4.3845134218;4.4013385933;3.9953248167;4.039235593;159372702.9342524;1583309374.1799614;390934204;"2025-04-06T23:59:59.999Z"
"2025-04-05T00:00:00.000Z";"2025-04-05T23:59:59.999Z";"2025-04-05T00:31:00.000Z";"2025-04-05T20:55:00.000Z";"2790";4.5421683767;4.5616158584;4.3542059097;4.3851995784;104263501.47517203;1714061640.3213215;390934204;"2025-04-05T23:59:59.999Z"
"2025-04-04T00:00:00.000Z";"2025-04-04T23:59:59.999Z";"2025-04-04T15:19:00.000Z";"2025-04-04T01:12:00.000Z";"2790";4.2039110546;4.6136666866;4.1773721748;4.5421683767;246033840.9857618;1762177227.1923177;390934204;"2025-04-04T23:59:59.999Z"
"2025-04-03T00:00:00.000Z";"2025-04-03T23:59:59.999Z";"2025-04-03T22:54:00.000Z";"2025-04-03T00:04:00.000Z";"2790";3.8716592929;4.2530351681;3.8595991738;4.2037439182;147638030.0762595;1664308568.8849304;390934204;"2025-04-03T23:59:59.999Z"
"2025-04-02T00:00:00.000Z";"2025-04-02T23:59:59.999Z";"2025-04-02T20:19:00.000Z";"2025-04-02T23:22:00.000Z";"2790";4.053183941;4.2092557;3.8244454276;3.8727296006;127491357.35689172;1529039328.713126;390934204;"2025-04-02T23:59:59.999Z"
"2025-04-01T00:00:00.000Z";"2025-04-01T23:59:59.999Z";"2025-04-01T09:37:00.000Z";"2025-04-01T02:07:00.000Z";"2790";4.0429304623;4.1929263481;4.0185795724;4.0519415666;83572662.574496;1581151689.3760738;390934204;"2025-04-01T23:59:59.999Z"
"2025-03-31T00:00:00.000Z";"2025-03-31T23:59:59.999Z";"2025-03-31T15:09:00.000Z";"2025-03-31T09:58:00.000Z";"2790";3.9856333769;4.1260033564;3.86836925;4.0431491471;97540634.87711854;1579700794.8832471;390934204;"2025-03-31T23:59:59.999Z"
"2025-03-30T00:00:00.000Z";"2025-03-30T23:59:59.999Z";"2025-03-30T09:03:00.000Z";"2025-03-30T00:47:00.000Z";"2790";3.90156908;4.035621702;3.8564112436;3.9854096284;80550108.47441763;1550703552.6685927;390934204;"2025-03-30T23:59:59.999Z"
"2025-03-29T00:00:00.000Z";"2025-03-29T23:59:59.999Z";"2025-03-29T00:20:00.000Z";"2025-03-29T23:08:00.000Z";"2790";4.1800774146;4.1870561861;3.8414133566;3.90156908;95245507.4422819;1525256802.642421;390934204;"2025-03-29T23:59:59.999Z"
"2025-03-28T00:00:00.000Z";"2025-03-28T23:59:59.999Z";"2025-03-28T01:45:00.000Z";"2025-03-28T19:52:00.000Z";"2790";4.454559408;4.4639074863;4.1575222314;4.1800515132;105935541.40294757;1645434697.7846994;390934204;"2025-03-28T23:59:59.999Z"
"2025-03-27T00:00:00.000Z";"2025-03-27T23:59:59.999Z";"2025-03-27T03:52:00.000Z";"2025-03-27T13:49:00.000Z";"2790";4.5487226441;4.5999359902;4.3986475712;4.4547056693;103539074.93293032;1751121399.4148753;390934204;"2025-03-27T23:59:59.999Z"
"2025-03-26T00:00:00.000Z";"2025-03-26T23:59:59.999Z";"2025-03-26T13:19:00.000Z";"2025-03-26T05:43:00.000Z";"2790";4.487020986;4.6118554409;4.433741863;4.5474376666;132473678.12016205;1770418174.3254497;390934204;"2025-03-26T23:59:59.999Z"
"2025-03-25T00:00:00.000Z";"2025-03-25T23:59:59.999Z";"2025-03-25T00:28:00.000Z";"2025-03-25T22:37:00.000Z";"2790";4.5836649226;4.637890196;4.4492914261;4.4877325976;126313647.11402406;1751872258.9536371;390934204;"2025-03-25T23:59:59.999Z"
"2025-03-24T00:00:00.000Z";"2025-03-24T23:59:59.999Z";"2025-03-24T23:02:00.000Z";"2025-03-24T02:37:00.000Z";"2790";4.4327430304;4.6201179897;4.3962740772;4.583842339;133481099.54393299;1786355869.7947888;390934204;"2025-03-24T23:59:59.999Z"
"2025-03-23T00:00:00.000Z";"2025-03-23T23:59:59.999Z";"2025-03-23T01:44:00.000Z";"2025-03-23T19:09:00.000Z";"2790";4.4860492802;4.4944339374;4.3369594161;4.4330075684;108895778.41425568;1727045565.7384276;390934204;"2025-03-23T23:59:59.999Z"
"2025-03-22T00:00:00.000Z";"2025-03-22T23:59:59.999Z";"2025-03-22T19:40:00.000Z";"2025-03-22T00:07:00.000Z";"2790";4.2214610717;4.6286406714;4.2177586159;4.4853935792;129077754.44242392;1753144817.584651;390934204;"2025-03-22T23:59:59.999Z"
"2025-03-21T00:00:00.000Z";"2025-03-21T23:59:59.999Z";"2025-03-21T01:17:00.000Z";"2025-03-21T13:01:00.000Z";"2790";4.3108628235;4.3446714806;4.134968041;4.2214597029;102036226.50830553;1653835293.5679357;390934204;"2025-03-21T23:59:59.999Z"
"2025-03-20T00:00:00.000Z";"2025-03-20T23:59:59.999Z";"2025-03-20T21:08:00.000Z";"2025-03-20T12:10:00.000Z";"2790";4.3542728109;4.4570648891;4.2272394043;4.3093537171;116037175.2893218;1676268210.0285347;390934204;"2025-03-20T23:59:59.999Z"
"2025-03-19T00:00:00.000Z";"2025-03-19T23:59:59.999Z";"2025-03-19T23:55:00.000Z";"2025-03-19T08:55:00.000Z";"2790";4.3207304974;4.3575357789;4.203934736;4.3542252855;142788157.70972955;1697975213.2161987;390934204;"2025-03-19T23:59:59.999Z"
"2025-03-18T00:00:00.000Z";"2025-03-18T23:59:59.999Z";"2025-03-18T08:49:00.000Z";"2025-03-18T16:22:00.000Z";"2790";4.2427491086;4.3980211904;4.1546780738;4.3198941037;197743736.6417145;1692205049.6004353;390934204;"2025-03-18T23:59:59.999Z"
"2025-03-17T00:00:00.000Z";"2025-03-17T23:59:59.999Z";"2025-03-17T22:31:00.000Z";"2025-03-17T06:34:00.000Z";"2790";4.2521506064;4.330092023;4.172806912;4.2424392186;148040555.97081703;1664534033.029942;390934204;"2025-03-17T23:59:59.999Z"
"2025-03-16T00:00:00.000Z";"2025-03-16T23:59:59.999Z";"2025-03-16T16:19:00.000Z";"2025-03-16T13:56:00.000Z";"2790";4.2608996153;4.3346792418;4.1477601489;4.2509644406;140471544.91043213;1656689488.9926004;390934204;"2025-03-16T23:59:59.999Z"
"2025-03-15T00:00:00.000Z";"2025-03-15T23:59:59.999Z";"2025-03-15T19:43:00.000Z";"2025-03-15T01:50:00.000Z";"2790";3.9259811156;4.3166972999;3.8797580739;4.2608675696;162819995.09482005;1664818773.0375285;390934204;"2025-03-15T23:59:59.999Z"
"2025-03-14T00:00:00.000Z";"2025-03-14T23:59:59.999Z";"2025-03-14T23:06:00.000Z";"2025-03-14T00:14:00.000Z";"2790";3.5987401562;3.940857036;3.5921949198;3.9261346069;116267965.45631257;1544405929.7579193;390934204;"2025-03-14T23:59:59.999Z"
"2025-03-13T00:00:00.000Z";"2025-03-13T23:59:59.999Z";"2025-03-13T13:33:00.000Z";"2025-03-13T06:29:00.000Z";"2790";3.5758489885;3.6444598036;3.4848404272;3.5991498923;103047183.03395204;1402890885.7108233;390934204;"2025-03-13T23:59:59.999Z"
"2025-03-12T00:00:00.000Z";"2025-03-12T23:59:59.999Z";"2025-03-12T12:34:00.000Z";"2025-03-12T04:43:00.000Z";"2790";3.5557455928;3.6290868452;3.4486473413;3.5761846335;109911491.33507624;1394266475.4796479;390934204;"2025-03-12T23:59:59.999Z"
"2025-03-11T00:00:00.000Z";"2025-03-11T23:59:59.999Z";"2025-03-11T20:22:00.000Z";"2025-03-11T01:08:00.000Z";"2790";3.3133662004;3.6492129586;3.1509365052;3.5555374309;178541249.64001033;1399679084.3521929;390934204;"2025-03-11T23:59:59.999Z"
"2025-03-10T00:00:00.000Z";"2025-03-10T23:59:59.999Z";"2025-03-10T12:24:00.000Z";"2025-03-10T23:59:00.000Z";"2790";3.5009333856;3.7104851973;3.3132237919;3.3132237919;144209017.25828367;1293078620.0489748;390934204;"2025-03-10T23:59:59.999Z"
"2025-03-09T00:00:00.000Z";"2025-03-09T23:59:59.999Z";"2025-03-09T00:41:00.000Z";"2025-03-09T18:52:00.000Z";"2790";3.7926290305;3.8105655853;3.4651634982;3.5010798604;100306886.09678927;1372230986.4933717;390934204;"2025-03-09T23:59:59.999Z"
"2025-03-08T00:00:00.000Z";"2025-03-08T23:59:59.999Z";"2025-03-08T05:01:00.000Z";"2025-03-08T16:30:00.000Z";"2790";3.9295070159;3.9429208447;3.7678444958;3.7926239686;76914853.08428603;1482250844.4593964;390934204;"2025-03-08T23:59:59.999Z"
"2025-03-07T00:00:00.000Z";"2025-03-07T23:59:59.999Z";"2025-03-07T19:19:00.000Z";"2025-03-07T01:02:00.000Z";"2790";3.9513474581;4.0921343728;3.7894640569;3.9295070159;142382269.34231293;1542992983.163692;390934204;"2025-03-07T23:59:59.999Z"
"2025-03-06T00:00:00.000Z";"2025-03-06T23:59:59.999Z";"2025-03-06T05:38:00.000Z";"2025-03-06T19:34:00.000Z";"2790";4.0133073455;4.0997883066;3.9296334758;3.9509382681;99485506.96641257;1543700420.3265355;390934204;"2025-03-06T23:59:59.999Z"
"2025-03-05T00:00:00.000Z";"2025-03-05T23:59:59.999Z";"2025-03-05T21:22:00.000Z";"2025-03-05T06:17:00.000Z";"2790";3.9182362919;4.0301440658;3.86304881;4.012973775;114417090.11366075;1594176539.2029994;390934204;"2025-03-05T23:59:59.999Z"
"2025-03-04T00:00:00.000Z";"2025-03-04T23:59:59.999Z";"2025-03-04T00:23:00.000Z";"2025-03-04T16:37:00.000Z";"2790";4.0310842681;4.047339578;3.7186074783;3.9173750347;197071013.8384185;1551918131.5380476;390934204;"2025-03-04T23:59:59.999Z"
"2025-03-03T00:00:00.000Z";"2025-03-03T23:59:59.999Z";"2025-03-03T00:52:00.000Z";"2025-03-03T22:01:00.000Z";"2790";4.7114229221;4.741459473;3.963341357;4.0315805053;176027403.1028054;1586979626.9752593;390934204;"2025-03-03T23:59:59.999Z"
"2025-03-02T00:00:00.000Z";"2025-03-02T23:59:59.999Z";"2025-03-02T17:48:00.000Z";"2025-03-02T15:25:00.000Z";"2790";4.3295093091;4.7378228557;4.2558753877;4.7100981332;174239302.86340597;1847880127.2071786;390934204;"2025-03-02T23:59:59.999Z"
"2025-03-01T00:00:00.000Z";"2025-03-01T23:59:59.999Z";"2025-03-01T02:39:00.000Z";"2025-03-01T13:56:00.000Z";"2790";4.4663124955;4.4824651699;4.2670212889;4.3297347803;91995144.86821075;1692553275.48893;390934204;"2025-03-01T23:59:59.999Z"
"2025-02-28T00:00:00.000Z";"2025-02-28T23:59:59.999Z";"2025-02-28T19:35:00.000Z";"2025-02-28T08:26:00.000Z";"2790";4.3906509254;4.4922269635;4.0494646717;4.4663148452;177599220.64792103;1743388676.430724;390934204;"2025-02-28T23:59:59.999Z"
"2025-02-27T00:00:00.000Z";"2025-02-27T23:59:59.999Z";"2025-02-27T11:01:00.000Z";"2025-02-27T21:12:00.000Z";"2790";4.3798064742;4.5532852957;4.310363244;4.3896195384;115190722.93533164;1701073196.31549;390934204;"2025-02-27T23:59:59.999Z"
"2025-02-26T00:00:00.000Z";"2025-02-26T23:59:59.999Z";"2025-02-26T22:10:00.000Z";"2025-02-26T01:28:00.000Z";"2790";4.234480978;4.4639795835;4.1978402235;4.3790280019;153646735.5052223;1706940164.061658;390934204;"2025-02-26T23:59:59.999Z"
"2025-02-25T00:00:00.000Z";"2025-02-25T23:59:59.999Z";"2025-02-25T22:12:00.000Z";"2025-02-25T07:39:00.000Z";"2790";4.1639207613;4.3104544059;3.9576735809;4.2347241339;240863066.33501256;1664746910.9915235;390934204;"2025-02-25T23:59:59.999Z"
"2025-02-24T00:00:00.000Z";"2025-02-24T23:59:59.999Z";"2025-02-24T00:28:00.000Z";"2025-02-24T23:04:00.000Z";"2790";4.6552768148;4.6590195598;4.1424212885;4.1638587946;153401773.8904372;1625857276.8805404;390934204;"2025-02-24T23:59:59.999Z"
"2025-02-23T00:00:00.000Z";"2025-02-23T23:59:59.999Z";"2025-02-23T07:49:00.000Z";"2025-02-23T22:31:00.000Z";"2790";4.7465908104;4.7955197302;4.6155692599;4.6546365147;98485895.951272;1822520301.5120215;390934204;"2025-02-23T23:59:59.999Z"
"2025-02-22T00:00:00.000Z";"2025-02-22T23:59:59.999Z";"2025-02-22T19:38:00.000Z";"2025-02-22T00:07:00.000Z";"2790";4.5524357502;4.7927127408;4.5461974565;4.7465908104;120507950.0225715;1854630429.7997649;390934204;"2025-02-22T23:59:59.999Z"
"2025-02-21T00:00:00.000Z";"2025-02-21T23:59:59.999Z";"2025-02-21T14:01:00.000Z";"2025-02-21T19:49:00.000Z";"2790";4.6889485648;4.8454967548;4.4812663243;4.5525538145;149651679.1866359;1773599860.7250946;390934204;"2025-02-21T23:59:59.999Z"
"2025-02-20T00:00:00.000Z";"2025-02-20T23:59:59.999Z";"2025-02-20T19:31:00.000Z";"2025-02-20T00:15:00.000Z";"2790";4.4976672792;4.7395011173;4.4860595807;4.6887755145;120191323.793626;1847077266.3972225;390934204;"2025-02-20T23:59:59.999Z"
"2025-02-19T00:00:00.000Z";"2025-02-19T23:59:59.999Z";"2025-02-19T23:08:00.000Z";"2025-02-19T05:02:00.000Z";"2790";4.3690359535;4.5035280854;4.3076835344;4.4980469233;95276451.86660613;1753687421.0841994;390934204;"2025-02-19T23:59:59.999Z"
"2025-02-18T00:00:00.000Z";"2025-02-18T23:59:59.999Z";"2025-02-18T01:58:00.000Z";"2025-02-18T17:34:00.000Z";"2790";4.5918741917;4.6681385871;4.2660112299;4.3693358042;121357529.5148091;1701936286.4002824;390934204;"2025-02-18T23:59:59.999Z"
"2025-02-17T00:00:00.000Z";"2025-02-17T23:59:59.999Z";"2025-02-17T14:21:00.000Z";"2025-02-17T07:54:00.000Z";"2790";4.5388182113;4.7117836128;4.5061457148;4.5926292324;124282109.4657355;1794571058.0805745;390934204;"2025-02-17T23:59:59.999Z"
"2025-02-16T00:00:00.000Z";"2025-02-16T23:59:59.999Z";"2025-02-16T12:31:00.000Z";"2025-02-16T03:40:00.000Z";"2790";4.6042512913;4.6417380914;4.5148823765;4.5381542159;86971446.25752382;1773908427.4619124;390934204;"2025-02-16T23:59:59.999Z"
"2025-02-15T00:00:00.000Z";"2025-02-15T23:59:59.999Z";"2025-02-15T03:01:00.000Z";"2025-02-15T22:43:00.000Z";"2790";4.6832216251;4.7998623722;4.5747765111;4.6042939774;103976483.43097538;1799118647.506448;390934204;"2025-02-15T23:59:59.999Z"
"2025-02-14T00:00:00.000Z";"2025-02-14T23:59:59.999Z";"2025-02-14T17:58:00.000Z";"2025-02-14T13:05:00.000Z";"2790";4.7707723122;4.8323580487;4.6567306824;4.6841382828;155798267.11587933;1836917641.2788064;390934204;"2025-02-14T23:59:59.999Z"
"2025-02-13T00:00:00.000Z";"2025-02-13T23:59:59.999Z";"2025-02-13T01:58:00.000Z";"2025-02-13T08:49:00.000Z";"2790";4.8877156046;4.9449352808;4.7432945223;4.7714549138;130150938.79524079;1877506188.538197;390934204;"2025-02-13T23:59:59.999Z"
"2025-02-12T00:00:00.000Z";"2025-02-12T23:59:59.999Z";"2025-02-12T22:40:00.000Z";"2025-02-12T13:43:00.000Z";"2790";4.5431438454;4.9005752089;4.4115160508;4.8885558583;165440251.57569554;1915952834.2795818;390934204;"2025-02-12T23:59:59.999Z"
"2025-02-11T00:00:00.000Z";"2025-02-11T23:59:59.999Z";"2025-02-11T07:00:00.000Z";"2025-02-11T19:42:00.000Z";"2790";4.6728715049;4.8283517512;4.4799138512;4.5420965798;136172627.0893368;1787015414.7073333;390934204;"2025-02-11T23:59:59.999Z"
"2025-02-10T00:00:00.000Z";"2025-02-10T23:59:59.999Z";"2025-02-10T22:37:00.000Z";"2025-02-10T02:38:00.000Z";"2790";4.4403377523;4.691136326;4.316944731;4.6720773014;129441304.92783982;1825168909.4870949;390934204;"2025-02-10T23:59:59.999Z"
"2025-02-09T00:00:00.000Z";"2025-02-09T23:59:59.999Z";"2025-02-09T10:39:00.000Z";"2025-02-09T22:07:00.000Z";"2790";4.4278765561;4.6269178967;4.2773722035;4.4388270441;130562777.86961304;1732823166.8560507;390934204;"2025-02-09T23:59:59.999Z"
"2025-02-08T00:00:00.000Z";"2025-02-08T23:59:59.999Z";"2025-02-08T23:44:00.000Z";"2025-02-08T05:22:00.000Z";"2790";4.2286842004;4.4424322036;4.1928038996;4.4279288968;93378894.23530269;1730442458.2713804;390934204;"2025-02-08T23:59:59.999Z"
"2025-02-07T00:00:00.000Z";"2025-02-07T23:59:59.999Z";"2025-02-07T14:55:00.000Z";"2025-02-07T22:36:00.000Z";"2790";4.2412532611;4.4960844498;4.1296713962;4.2286842004;187535626.5212518;1644583937.356784;390934204;"2025-02-07T23:59:59.999Z"
"2025-02-06T00:00:00.000Z";"2025-02-06T23:59:59.999Z";"2025-02-06T10:11:00.000Z";"2025-02-06T22:24:00.000Z";"2790";4.4993934442;4.5644304758;4.209648289;4.241083043;160303899.97810102;1655908894.1131861;390934204;"2025-02-06T23:59:59.999Z"
"2025-02-05T00:00:00.000Z";"2025-02-05T23:59:59.999Z";"2025-02-05T15:31:00.000Z";"2025-02-05T02:28:00.000Z";"2790";4.5265558558;4.6360928315;4.4787221803;4.4987384167;152573204.35696205;1763590735.2940733;390934204;"2025-02-05T23:59:59.999Z"
"2025-02-04T00:00:00.000Z";"2025-02-04T23:59:59.999Z";"2025-02-04T00:10:00.000Z";"2025-02-04T08:05:00.000Z";"2790";4.7698008063;4.8149441118;4.2830774088;4.525634987;233759182.2963611;1776998318.8924692;390934204;"2025-02-04T23:59:59.999Z"
"2025-02-03T00:00:00.000Z";"2025-02-03T23:59:59.999Z";"2025-02-03T23:01:00.000Z";"2025-02-03T02:11:00.000Z";"2790";4.7496750535;4.7970480636;3.8280568121;4.7695980648;589932619.4889635;1879405370.6254995;390934204;"2025-02-03T23:59:59.999Z"
"2025-02-02T00:00:00.000Z";"2025-02-02T23:59:59.999Z";"2025-02-02T00:48:00.000Z";"2025-02-02T22:45:00.000Z";"2790";5.6303478243;5.7155206333;4.6109106968;4.7483331503;274982077.3892589;1835984777.2285273;390934204;"2025-02-02T23:59:59.999Z"
"2025-02-01T00:00:00.000Z";"2025-02-01T23:59:59.999Z";"2025-02-01T05:43:00.000Z";"2025-02-01T23:28:00.000Z";"2790";6.0184144777;6.1808454517;5.6022840206;5.6302995757;126732658.97080946;2201412603.1520786;390934204;"2025-02-01T23:59:59.999Z"
"2025-01-31T00:00:00.000Z";"2025-01-31T23:59:59.999Z";"2025-01-31T16:05:00.000Z";"2025-01-31T05:01:00.000Z";"2790";5.9811882245;6.1672047669;5.8945648323;6.0188085754;135645690.88788417;2344771329.3585935;390934204;"2025-01-31T23:59:59.999Z"
"2025-01-30T00:00:00.000Z";"2025-01-30T23:59:59.999Z";"2025-01-30T23:29:00.000Z";"2025-01-30T00:36:00.000Z";"2790";5.5886997364;6.0295401997;5.5473108176;5.9827920837;130137952.53096405;2332054236.171264;390934204;"2025-01-30T23:59:59.999Z"
"2025-01-29T00:00:00.000Z";"2025-01-29T23:59:59.999Z";"2025-01-29T21:40:00.000Z";"2025-01-29T00:04:00.000Z";"2790";5.4403831523;5.7333357882;5.4281829408;5.5884362993;147538966.67527342;2184246763.751779;390934204;"2025-01-29T23:59:59.999Z"
"2025-01-28T00:00:00.000Z";"2025-01-28T23:59:59.999Z";"2025-01-28T05:12:00.000Z";"2025-01-28T22:37:00.000Z";"2790";5.7347483497;5.8064847541;5.3951996695;5.439341802;132725086.29282285;2124652864.5508547;390934204;"2025-01-28T23:59:59.999Z"
"2025-01-27T00:00:00.000Z";"2025-01-27T23:59:59.999Z";"2025-01-27T00:14:00.000Z";"2025-01-27T08:46:00.000Z";"2790";5.8325126054;5.8441924785;5.3055300661;5.7308972957;226340316.97620925;2235541511.556598;390934204;"2025-01-27T23:59:59.999Z"
"2025-01-26T00:00:00.000Z";"2025-01-26T23:59:59.999Z";"2025-01-26T19:32:00.000Z";"2025-01-26T02:58:00.000Z";"2790";5.8972183395;6.1007322648;5.8033031017;5.8323698677;158722648.33929107;2272533195.9823475;390934204;"2025-01-26T23:59:59.999Z"
"2025-01-25T00:00:00.000Z";"2025-01-25T23:59:59.999Z";"2025-01-25T04:10:00.000Z";"2025-01-25T14:22:00.000Z";"2790";5.9107593916;5.9838857365;5.8537566141;5.8972183395;132170951.00678368;2305206442.857643;390934204;"2025-01-25T23:59:59.999Z"
"2025-01-24T00:00:00.000Z";"2025-01-24T23:59:59.999Z";"2025-01-24T17:49:00.000Z";"2025-01-24T02:58:00.000Z";"2790";5.8744692581;6.0921054319;5.7087160779;5.9107153185;166722043.5212416;2330189947.789477;390934204;"2025-01-24T23:59:59.999Z"
"2025-01-23T00:00:00.000Z";"2025-01-23T23:59:59.999Z";"2025-01-23T00:14:00.000Z";"2025-01-23T13:26:00.000Z";"2790";5.9495301575;5.9655765428;5.6372283237;5.8747507155;207196465.27530557;2298217773.799352;390934204;"2025-01-23T23:59:59.999Z"
"2025-01-22T00:00:00.000Z";"2025-01-22T23:59:59.999Z";"2025-01-22T12:16:00.000Z";"2025-01-22T08:29:00.000Z";"2790";5.9885770975;6.0673724329;5.8760307436;5.9496195615;161306454.1658901;2326131439.158645;390934204;"2025-01-22T23:59:59.999Z"
"2025-01-21T00:00:00.000Z";"2025-01-21T23:59:59.999Z";"2025-01-21T18:54:00.000Z";"2025-01-21T04:38:00.000Z";"2790";5.8233144964;6.0828972318;5.6275086693;5.9886545677;203001900.3210837;2337636076.8700852;390934204;"2025-01-21T23:59:59.999Z"
"2025-01-20T00:00:00.000Z";"2025-01-20T23:59:59.999Z";"2025-01-20T07:14:00.000Z";"2025-01-20T01:01:00.000Z";"2790";5.7281801171;6.284709156;5.5594176359;5.823801072;356400164.64619374;2307959435.261728;390934204;"2025-01-20T23:59:59.999Z"
"2025-01-19T00:00:00.000Z";"2025-01-19T23:59:59.999Z";"2025-01-19T02:43:00.000Z";"2025-01-19T23:32:00.000Z";"2790";6.4217590931;6.5782830754;5.6812604569;5.7310989286;292680030.1548176;2241648311.235941;390934204;"2025-01-19T23:59:59.999Z"
"2025-01-18T00:00:00.000Z";"2025-01-18T23:59:59.999Z";"2025-01-18T00:45:00.000Z";"2025-01-18T20:58:00.000Z";"2790";6.855357337;6.9497799475;6.2783706257;6.4217590931;190341063.25859347;2502564840.2011824;390934204;"2025-01-18T23:59:59.999Z"
"2025-01-17T00:00:00.000Z";"2025-01-17T23:59:59.999Z";"2025-01-17T22:15:00.000Z";"2025-01-17T00:00:00.000Z";"2790";6.3949660285;6.9424234419;6.3943054253;6.855357337;216706558.95805892;2680222831.9847536;390934204;"2025-01-17T23:59:59.999Z"
"2025-01-16T00:00:00.000Z";"2025-01-16T23:59:59.999Z";"2025-01-16T13:05:00.000Z";"2025-01-16T09:09:00.000Z";"2790";6.4867365698;6.601117746;6.2791625689;6.395387651;173495052.58205065;2501654069.7399254;390934204;"2025-01-16T23:59:59.999Z"
"2025-01-15T00:00:00.000Z";"2025-01-15T23:59:59.999Z";"2025-01-15T23:57:00.000Z";"2025-01-15T12:31:00.000Z";"2790";6.0890616975;6.4926779177;5.9773917122;6.4874919235;220682527.22359183;2533104234.8729897;390934204;"2025-01-15T23:59:59.999Z"
"2025-01-14T00:00:00.000Z";"2025-01-14T23:59:59.999Z";"2025-01-14T22:58:00.000Z";"2025-01-14T08:02:00.000Z";"2790";6.1212952856;6.1212952856;5.9198107798;6.0898049088;148607491.74451151;2390228338.937828;390934204;"2025-01-14T23:59:59.999Z"
"2025-01-13T00:00:00.000Z";"2025-01-13T23:59:59.999Z";"2025-01-13T00:46:00.000Z";"2025-01-13T14:37:00.000Z";"2790";6.3061185418;6.5263606734;5.8481001638;6.119975892;229631805.13102573;2397882007.899231;390934204;"2025-01-13T23:59:59.999Z"
"2025-01-12T00:00:00.000Z";"2025-01-12T23:59:59.999Z";"2025-01-12T05:10:00.000Z";"2025-01-12T22:27:00.000Z";"2790";6.450624521;6.5228938121;6.2209261005;6.3050772046;127535764.73300056;2462535059.1604023;390934204;"2025-01-12T23:59:59.999Z"
"2025-01-11T00:00:00.000Z";"2025-01-11T23:59:59.999Z";"2025-01-11T21:25:00.000Z";"2025-01-11T18:45:00.000Z";"2790";6.4818174294;6.5567280317;6.3612160869;6.4506246302;110075459.84745285;2521275846.3871613;390934204;"2025-01-11T23:59:59.999Z"
"2025-01-10T00:00:00.000Z";"2025-01-10T23:59:59.999Z";"2025-01-10T20:01:00.000Z";"2025-01-10T00:37:00.000Z";"2790";6.2051405805;6.50803723;6.1998815934;6.4818005585;180050088.1715909;2524078914.610838;390934204;"2025-01-10T23:59:59.999Z"
"2025-01-09T00:00:00.000Z";"2025-01-09T23:59:59.999Z";"2025-01-09T01:28:00.000Z";"2025-01-09T20:26:00.000Z";"2790";6.271268208;6.3826400708;6.074837357;6.2046266736;183774736.13760287;2421955139.725885;390934204;"2025-01-09T23:59:59.999Z"
"2025-01-08T00:00:00.000Z";"2025-01-08T23:59:59.999Z";"2025-01-08T00:59:00.000Z";"2025-01-08T17:40:00.000Z";"2790";6.5568516412;6.6312091126;6.0162286768;6.2700523069;227440774.48781243;2444897387.1972632;390934204;"2025-01-08T23:59:59.999Z"
"2025-01-07T00:00:00.000Z";"2025-01-07T23:59:59.999Z";"2025-01-07T06:55:00.000Z";"2025-01-07T22:04:00.000Z";"2790";7.1799458162;7.4417611362;6.5549801498;6.5549801498;300289910.77802;2552946072.6979394;390934204;"2025-01-07T23:59:59.999Z"
"2025-01-06T00:00:00.000Z";"2025-01-06T23:59:59.999Z";"2025-01-06T05:35:00.000Z";"2025-01-06T01:24:00.000Z";"2790";7.1261820408;7.3849564866;7.0120272209;7.17938335;211125648.6160624;2828157994.280341;390934204;"2025-01-06T23:59:59.999Z"
"2025-01-05T00:00:00.000Z";"2025-01-05T23:59:59.999Z";"2025-01-05T23:44:00.000Z";"2025-01-05T14:36:00.000Z";"2790";7.0793514734;7.1368501194;6.9410923538;7.1264961723;143497201.43387526;2784185948.451781;390934204;"2025-01-05T23:59:59.999Z"
"2025-01-04T00:00:00.000Z";"2025-01-04T23:59:59.999Z";"2025-01-04T00:28:00.000Z";"2025-01-04T10:11:00.000Z";"2790";7.179383514;7.2161906302;7.0317804843;7.0793640681;159348293.29963377;2767297301.91561;390934204;"2025-01-04T23:59:59.999Z"
"2025-01-03T00:00:00.000Z";"2025-01-03T23:59:59.999Z";"2025-01-03T23:09:00.000Z";"2025-01-03T01:17:00.000Z";"2790";6.5240281201;7.2276823077;6.4995275399;7.1783426978;221788288.99298877;2818857685.9967837;390934204;"2025-01-03T23:59:59.999Z"
"2025-01-02T00:00:00.000Z";"2025-01-02T23:59:59.999Z";"2025-01-02T12:07:00.000Z";"2025-01-02T00:00:00.000Z";"2790";6.3066579058;6.5406337477;6.3057575861;6.5238488261;157930134.80757287;2530011086.4863253;390934204;"2025-01-02T23:59:59.999Z"
"2025-01-01T00:00:00.000Z";"2025-01-01T23:59:59.999Z";"2025-01-01T20:07:00.000Z";"2025-01-01T09:47:00.000Z";"2790";5.975907489;6.3965879213;5.8471726572;6.3058834389;144408064.8373305;2465694999.5227833;390934204;"2025-01-01T23:59:59.999Z"
"2024-12-31T00:00:00.000Z";"2024-12-31T23:59:59.999Z";"2024-12-31T14:35:00.000Z";"2024-12-31T04:55:00.000Z";"2790";6.0954595662;6.2491182153;5.9292313349;5.9758911129;136666912.08240613;2323672216.414536;390934204;"2024-12-31T23:59:59.999Z"
"2024-12-30T00:00:00.000Z";"2024-12-30T23:59:59.999Z";"2024-12-30T20:28:00.000Z";"2024-12-30T15:38:00.000Z";"2790";6.0303084829;6.2962970433;5.8964673689;6.0959416153;153838576.56378138;2377379251.952799;390934204;"2024-12-30T23:59:59.999Z"
"2024-12-29T00:00:00.000Z";"2024-12-29T23:59:59.999Z";"2024-12-29T08:05:00.000Z";"2024-12-29T22:25:00.000Z";"2790";6.3313822505;6.3700503941;5.9782045242;6.0307613334;114323046.46153139;2357898892.3573785;390934204;"2024-12-29T23:59:59.999Z"
"2024-12-28T00:00:00.000Z";"2024-12-28T23:59:59.999Z";"2024-12-28T22:56:00.000Z";"2024-12-28T12:59:00.000Z";"2790";6.1853590636;6.3750415398;6.1279093588;6.3313822505;114904953.83265401;2475747530.915799;390934204;"2024-12-28T23:59:59.999Z"
"2024-12-27T00:00:00.000Z";"2024-12-27T23:59:59.999Z";"2024-12-27T09:43:00.000Z";"2024-12-27T23:40:00.000Z";"2790";6.2190437727;6.5171789487;6.1544419626;6.1850043969;144419417.54736906;2418912942.3055325;390934204;"2024-12-27T23:59:59.999Z"
"2024-12-26T00:00:00.000Z";"2024-12-26T23:59:59.999Z";"2024-12-26T00:20:00.000Z";"2024-12-26T21:16:00.000Z";"2790";6.6686632879;6.7255823533;6.1738036059;6.2189045478;159880882.30335835;2436541489.2462296;390934204;"2024-12-26T23:59:59.999Z"
"2024-12-25T00:00:00.000Z";"2024-12-25T23:59:59.999Z";"2024-12-25T10:26:00.000Z";"2024-12-25T16:40:00.000Z";"2790";6.7760029213;6.8129804273;6.5559609391;6.6697864969;158783896.53577036;2605674726.228989;390934204;"2024-12-25T23:59:59.999Z"
"2024-12-24T00:00:00.000Z";"2024-12-24T23:59:59.999Z";"2024-12-24T15:46:00.000Z";"2024-12-24T11:09:00.000Z";"2790";6.6669977799;6.9051889947;6.4663675661;6.7786873181;190642943.1742786;2648998869.534602;390934204;"2024-12-24T23:59:59.999Z"
"2024-12-23T00:00:00.000Z";"2024-12-23T23:59:59.999Z";"2024-12-23T21:29:00.000Z";"2024-12-23T01:22:00.000Z";"2790";6.1328315707;6.7902170661;5.9920707654;6.6669353131;228487722.7220157;2599068272.010907;390934204;"2024-12-23T23:59:59.999Z"
"2024-12-22T00:00:00.000Z";"2024-12-22T23:59:59.999Z";"2024-12-22T09:49:00.000Z";"2024-12-22T20:12:00.000Z";"2790";6.2481903056;6.4434535829;6.0049680519;6.132751706;199419100.9018056;2398354114.702181;390934204;"2024-12-22T23:59:59.999Z"
"2024-12-21T00:00:00.000Z";"2024-12-21T23:59:59.999Z";"2024-12-21T07:45:00.000Z";"2024-12-21T19:40:00.000Z";"2790";6.6239580536;7.0294833201;6.1824029564;6.2481902263;265811863.87143075;2442279725.9582105;390934204;"2024-12-21T23:59:59.999Z"
"2024-12-20T00:00:00.000Z";"2024-12-20T23:59:59.999Z";"2024-12-20T02:59:00.000Z";"2024-12-20T12:03:00.000Z";"2790";6.6007772473;6.8198698527;5.6528199419;6.6239713036;437185971.5153666;2606252439.829301;390934204;"2024-12-20T23:59:59.999Z"
"2024-12-19T00:00:00.000Z";"2024-12-19T23:59:59.999Z";"2024-12-19T00:38:00.000Z";"2024-12-19T20:14:00.000Z";"2790";7.3923210403;7.4100272732;6.4166952736;6.6015004523;432009721.70054424;2584256353.80507;390934204;"2024-12-19T23:59:59.999Z"
"2024-12-18T00:00:00.000Z";"2024-12-18T23:59:59.999Z";"2024-12-18T11:43:00.000Z";"2024-12-18T23:52:00.000Z";"2790";8.1234087144;8.2324320229;7.386352231;7.3929482588;435717878.2576792;2850244849.9761877;390934204;"2024-12-18T23:59:59.999Z"
"2024-12-17T00:00:00.000Z";"2024-12-17T23:59:59.999Z";"2024-12-17T13:55:00.000Z";"2024-12-17T23:16:00.000Z";"2790";8.4545582309;8.5289141005;8.0153623742;8.1229740848;286453774.7968464;3168982794.682828;390934204;"2024-12-17T23:59:59.999Z"
"2024-12-16T00:00:00.000Z";"2024-12-16T23:59:59.999Z";"2024-12-16T01:05:00.000Z";"2024-12-16T11:59:00.000Z";"2790";8.6553729313;8.8296384979;8.2583817033;8.4541911512;337759308.14907146;3307510878.4362826;390934204;"2024-12-16T23:59:59.999Z"
"2024-12-15T00:00:00.000Z";"2024-12-15T23:59:59.999Z";"2024-12-15T14:29:00.000Z";"2024-12-15T07:49:00.000Z";"2790";8.5377995276;8.8371013273;8.2837535489;8.6540369811;282294375.0093189;3386074551.5080366;390934204;"2024-12-15T23:59:59.999Z"
"2024-12-14T00:00:00.000Z";"2024-12-14T23:59:59.999Z";"2024-12-14T06:33:00.000Z";"2024-12-14T21:00:00.000Z";"2790";8.7525223251;8.8911656632;8.2536824316;8.5377995276;285429844.6921198;3336564628.47507;390934204;"2024-12-14T23:59:59.999Z"
"2024-12-13T00:00:00.000Z";"2024-12-13T23:59:59.999Z";"2024-12-13T11:29:00.000Z";"2024-12-13T01:25:00.000Z";"2790";8.540528016;8.8149251132;8.3628789106;8.7522224105;382803569.6242108;3431969842.439321;390934204;"2024-12-13T23:59:59.999Z"
"2024-12-12T00:00:00.000Z";"2024-12-12T23:59:59.999Z";"2024-12-12T05:46:00.000Z";"2024-12-12T02:17:00.000Z";"2790";8.4052942285;8.8323443225;8.216210829;8.5391448181;428748463.6721658;3328718012.521344;390934204;"2024-12-12T23:59:59.999Z"
"2024-12-11T00:00:00.000Z";"2024-12-11T23:59:59.999Z";"2024-12-11T23:00:00.000Z";"2024-12-11T02:05:00.000Z";"2790";7.5435091852;8.4940590339;7.2392974997;8.4052059268;383351236.5812853;3277860007.6460023;390934204;"2024-12-11T23:59:59.999Z"
"2024-12-10T00:00:00.000Z";"2024-12-10T23:59:59.999Z";"2024-12-10T00:41:00.000Z";"2024-12-10T18:13:00.000Z";"2790";7.9845673301;8.0871204548;6.930302798;7.5430872479;635198338.6748427;2942618020.3390408;390934204;"2024-12-10T23:59:59.999Z"
"2024-12-09T00:00:00.000Z";"2024-12-09T23:59:59.999Z";"2024-12-09T00:00:00.000Z";"2024-12-09T21:07:00.000Z";"2790";9.5912501259;9.5912501259;7.4110533931;7.9849848928;571278357.0811692;3118037326.2076335;390934204;"2024-12-09T23:59:59.999Z"
"2024-12-08T00:00:00.000Z";"2024-12-08T23:59:59.999Z";"2024-12-08T13:11:00.000Z";"2024-12-08T09:57:00.000Z";"2790";9.6835007726;9.8593730117;9.3358906171;9.5908143704;302948080.4535878;3747852139.7247567;390934204;"2024-12-08T23:59:59.999Z"
"2024-12-07T00:00:00.000Z";"2024-12-07T23:59:59.999Z";"2024-12-07T01:13:00.000Z";"2024-12-07T17:55:00.000Z";"2790";9.8532041205;9.9791050795;9.5019561543;9.651655202;310645213.79331595;3771335446.768541;390934204;"2024-12-07T23:59:59.999Z"
"2024-12-06T00:00:00.000Z";"2024-12-06T23:59:59.999Z";"2024-12-06T23:11:00.000Z";"2024-12-06T00:13:00.000Z";"2790";9.05859105;10.0033269547;9.0192652094;9.8532306808;510508441.5246581;3847990818.186709;390934204;"2024-12-06T23:59:59.999Z"
"2024-12-05T00:00:00.000Z";"2024-12-05T23:59:59.999Z";"2024-12-05T18:46:00.000Z";"2024-12-05T01:28:00.000Z";"2790";9.4492611945;9.5257837845;8.9806469995;9.1258666016;619296156.9802712;3592253244.2686644;390934204;"2024-12-05T23:59:59.999Z"
"2024-12-04T00:00:00.000Z";"2024-12-04T23:59:59.999Z";"2024-12-04T13:22:00.000Z";"2024-12-04T02:49:00.000Z";"2790";9.1411852811;10.1416476948;9.0341204246;9.4494995933;780396497.4921244;3694823821.791892;390934204;"2024-12-04T23:59:59.999Z"
"2024-12-03T00:00:00.000Z";"2024-12-03T23:59:59.999Z";"2024-12-03T06:41:00.000Z";"2024-12-03T14:37:00.000Z";"2790";9.0521662597;9.5342702036;8.5664848326;9.1414446805;726572023.5689586;3576693060.031196;390934204;"2024-12-03T23:59:59.999Z"
"2024-12-02T00:00:00.000Z";"2024-12-02T23:59:59.999Z";"2024-12-02T23:59:00.000Z";"2024-12-02T11:01:00.000Z";"2790";8.4586599928;9.0520763253;7.9435319436;9.0517597245;710235134.2963407;3524291186.3205504;390934204;"2024-12-02T23:59:59.999Z"
"2024-12-01T00:00:00.000Z";"2024-12-01T23:59:59.999Z";"2024-12-01T23:43:00.000Z";"2024-12-01T03:01:00.000Z";"2790";8.1186796796;8.5540711107;7.8688056823;8.4599776005;330986381.5124375;3296162565.00914;390934204;"2024-12-01T23:59:59.999Z"
"2024-11-30T00:00:00.000Z";"2024-11-30T23:59:59.999Z";"2024-11-30T21:01:00.000Z";"2024-11-30T11:02:00.000Z";"2790";8.2879438584;8.3616922212;7.9629522242;8.1187531857;298643232.27379376;3173312262.9197536;390934204;"2024-11-30T23:59:59.999Z"
"2024-11-29T00:00:00.000Z";"2024-11-29T23:59:59.999Z";"2024-11-29T23:52:00.000Z";"2024-11-29T08:02:00.000Z";"2790";7.7999134869;8.3124437707;7.6238582651;8.2879399094;269869159.52814716;3246056731.306563;390934204;"2024-11-29T23:59:59.999Z"
"2024-11-28T00:00:00.000Z";"2024-11-28T23:59:59.999Z";"2024-11-28T02:01:00.000Z";"2024-11-28T16:01:00.000Z";"2790";7.891196302;7.945577578;7.4990512448;7.7992527341;251619822.4247666;3048705555.2450905;390934204;"2024-11-28T23:59:59.999Z"
"2024-11-27T00:00:00.000Z";"2024-11-27T23:59:59.999Z";"2024-11-27T23:09:00.000Z";"2024-11-27T01:04:00.000Z";"2790";7.6390186674;7.9273560494;7.4528326043;7.8908795796;326839608.83203876;3105687769.559996;390934204;"2024-11-27T23:59:59.999Z"
"2024-11-26T00:00:00.000Z";"2024-11-26T23:59:59.999Z";"2024-11-26T06:33:00.000Z";"2024-11-26T11:47:00.000Z";"2790";7.6041886558;7.75761613;7.1477836569;7.6400930703;415500947.0986669;3000092981.0215745;390934204;"2024-11-26T23:59:59.999Z"
"2024-11-25T00:00:00.000Z";"2024-11-25T23:59:59.999Z";"2024-11-25T09:41:00.000Z";"2024-11-25T22:41:00.000Z";"2790";8.3503403501;8.4244774192;7.4256020498;7.5958609065;450809481.8890323;2962600785.631879;390934204;"2024-11-25T23:59:59.999Z"
"2024-11-24T00:00:00.000Z";"2024-11-24T23:59:59.999Z";"2024-11-24T04:11:00.000Z";"2024-11-24T16:02:00.000Z";"2790";7.892479222;9.1303477949;7.7708648901;8.3516354527;1158956799.984112;3283438144.7062335;390934204;"2024-11-24T23:59:59.999Z"
"2024-11-23T00:00:00.000Z";"2024-11-23T23:59:59.999Z";"2024-11-23T15:34:00.000Z";"2024-11-23T00:12:00.000Z";"2790";7.2254457929;8.4642513596;7.1751271326;7.8925171118;896044313.0237918;3085353293.102981;390934204;"2024-11-23T23:59:59.999Z"
"2024-11-22T00:00:00.000Z";"2024-11-22T23:59:59.999Z";"2024-11-22T15:58:00.000Z";"2024-11-22T00:50:00.000Z";"2790";6.1389097778;7.2984198755;6.0603916068;7.2254457929;647493646.3632647;2810969147.4470406;390934204;"2024-11-22T23:59:59.999Z"
"2024-11-21T00:00:00.000Z";"2024-11-21T23:59:59.999Z";"2024-11-21T14:16:00.000Z";"2024-11-21T02:47:00.000Z";"2790";5.8832858582;6.1681842788;5.7008353569;6.136996588;328151833.0349146;2382342499.6698155;390934204;"2024-11-21T23:59:59.999Z"
"2024-11-20T00:00:00.000Z";"2024-11-20T23:59:59.999Z";"2024-11-20T10:07:00.000Z";"2024-11-20T18:25:00.000Z";"2790";5.9143974696;6.283031207;5.795917567;5.8831197605;288645456.9855507;2286966070.5622144;390934204;"2024-11-20T23:59:59.999Z"
"2024-11-19T00:00:00.000Z";"2024-11-19T23:59:59.999Z";"2024-11-19T06:55:00.000Z";"2024-11-19T22:34:00.000Z";"2790";6.1041684774;6.396062229;5.8120521995;5.9141026139;408760015.61135375;2314889559.425537;390934204;"2024-11-19T23:59:59.999Z"
"2024-11-18T00:00:00.000Z";"2024-11-18T23:59:59.999Z";"2024-11-18T17:32:00.000Z";"2024-11-18T00:05:00.000Z";"2790";5.390989001;6.2125645522;5.390989001;6.1031660723;376971433.697235;2399500282.4002476;390934204;"2024-11-18T23:59:59.999Z"
"2024-11-17T00:00:00.000Z";"2024-11-17T23:59:59.999Z";"2024-11-17T01:25:00.000Z";"2024-11-17T22:07:00.000Z";"2790";5.7907428969;6.2728530462;5.3108150932;5.3923735153;479654645.47813076;2105914293.4975708;390934204;"2024-11-17T23:59:59.999Z"
"2024-11-16T00:00:00.000Z";"2024-11-16T23:59:59.999Z";"2024-11-16T23:14:00.000Z";"2024-11-16T00:17:00.000Z";"2790";4.9829603438;5.8718486962;4.9814903568;5.7921954034;301114819.77870786;2263584629.3358054;390934204;"2024-11-16T23:59:59.999Z"
"2024-11-15T00:00:00.000Z";"2024-11-15T23:59:59.999Z";"2024-11-15T21:54:00.000Z";"2024-11-15T04:56:00.000Z";"2790";4.7029131726;5.0240907042;4.5908933849;4.9920215822;241389524.08184582;1954807753.2998195;390934204;"2024-11-15T23:59:59.999Z"
"2024-11-14T00:00:00.000Z";"2024-11-14T23:59:59.999Z";"2024-11-14T06:31:00.000Z";"2024-11-14T15:47:00.000Z";"2790";4.8474986508;5.0186013849;4.629462383;4.7027959032;215646146.70482096;1832010845.1844654;390934204;"2024-11-14T23:59:59.999Z"
"2024-11-13T00:00:00.000Z";"2024-11-13T23:59:59.999Z";"2024-11-13T00:41:00.000Z";"2024-11-13T06:41:00.000Z";"2790";5.0216595539;5.046421983;4.5754863433;4.8488405672;351189357.33662707;1885998653.5167975;390934204;"2024-11-13T23:59:59.999Z"
"2024-11-12T00:00:00.000Z";"2024-11-12T23:59:59.999Z";"2024-11-12T09:07:00.000Z";"2024-11-12T13:55:00.000Z";"2790";5.3137149964;5.479621671;4.8449250086;5.0201743542;387514760.54645765;1954572458.1618075;390934204;"2024-11-12T23:59:59.999Z"
"2024-11-11T00:00:00.000Z";"2024-11-11T23:59:59.999Z";"2024-11-11T23:56:00.000Z";"2024-11-11T06:25:00.000Z";"2790";4.9143727527;5.3184756873;4.8350940083;5.314462921;309398033.42432725;2067584353.2755256;390934204;"2024-11-11T23:59:59.999Z"
"2024-11-10T00:00:00.000Z";"2024-11-10T23:59:59.999Z";"2024-11-10T17:55:00.000Z";"2024-11-10T01:21:00.000Z";"2790";4.4770195289;5.1553885053;4.4127395628;4.9138094054;418572293.84394956;1920268133.8969288;390934204;"2024-11-10T23:59:59.999Z"
"2024-11-09T00:00:00.000Z";"2024-11-09T23:59:59.999Z";"2024-11-09T23:33:00.000Z";"2024-11-09T17:19:00.000Z";"2790";4.3897978312;4.504394451;4.3318604856;4.4770278569;130169661.97290105;1749404017.0993524;390934204;"2024-11-09T23:59:59.999Z"
"2024-11-08T00:00:00.000Z";"2024-11-08T23:59:59.999Z";"2024-11-08T23:59:00.000Z";"2024-11-08T03:02:00.000Z";"2790";4.1946214458;4.3897626904;4.1467331959;4.3897626904;129732028.48296762;1704671872.2165532;390934204;"2024-11-08T23:59:59.999Z"
"2024-11-07T00:00:00.000Z";"2024-11-07T23:59:59.999Z";"2024-11-07T02:28:00.000Z";"2024-11-07T14:52:00.000Z";"2790";4.2094155474;4.3343627106;4.1387140812;4.1934050001;117636648.02645503;1649628315.5122824;390934204;"2024-11-07T23:59:59.999Z"
"2024-11-06T00:00:00.000Z";"2024-11-06T23:59:59.999Z";"2024-11-06T23:18:00.000Z";"2024-11-06T00:00:00.000Z";"2790";3.8437507743;4.2264876102;3.8437507743;4.2087741435;146974948.40919426;1615104686.8404667;390934204;"2024-11-06T23:59:59.999Z"
"2024-11-05T00:00:00.000Z";"2024-11-05T23:59:59.999Z";"2024-11-05T23:35:00.000Z";"2024-11-05T00:00:00.000Z";"2790";3.5972681866;3.8558912803;3.5972637748;3.8452006808;83429389.24892084;1510963877.3096716;390934204;"2024-11-05T23:59:59.999Z"
"2024-11-04T00:00:00.000Z";"2024-11-04T23:59:59.999Z";"2024-11-04T03:06:00.000Z";"2024-11-04T22:01:00.000Z";"2790";3.6601228569;3.6819408251;3.5310548497;3.597330772;75855077.54173157;1406414450.7491188;390934204;"2024-11-04T23:59:59.999Z"
"2024-11-03T00:00:00.000Z";"2024-11-03T23:59:59.999Z";"2024-11-03T00:33:00.000Z";"2024-11-03T15:10:00.000Z";"2790";3.7633353335;3.7796815143;3.5809470308;3.6595577535;91466255.19299144;1430652520.415468;390934204;"2024-11-03T23:59:59.999Z"
"2024-11-02T00:00:00.000Z";"2024-11-02T23:59:59.999Z";"2024-11-02T02:31:00.000Z";"2024-11-02T18:24:00.000Z";"2790";3.836937095;3.8785183386;3.7301773451;3.7633357836;51828027.49882175;1471757260.249707;390934204;"2024-11-02T23:59:59.999Z"
"2024-11-01T00:00:00.000Z";"2024-11-01T23:59:59.999Z";"2024-11-01T14:17:00.000Z";"2024-11-01T21:39:00.000Z";"2790";3.8887123193;3.9506812805;3.7884942804;3.836937095;78747051.76190545;1498129475.66676;390934204;"2024-11-01T23:59:59.999Z"
"2024-10-31T00:00:00.000Z";"2024-10-31T23:59:59.999Z";"2024-10-31T00:08:00.000Z";"2024-10-31T18:37:00.000Z";"2790";4.1032608731;4.1112342144;3.8574986268;3.8882700633;81127697.59540562;1523847651.802152;390934204;"2024-10-31T23:59:59.999Z"
"2024-10-30T00:00:00.000Z";"2024-10-30T23:59:59.999Z";"2024-10-30T00:02:00.000Z";"2024-10-30T12:51:00.000Z";"2790";4.1882154232;4.1885948191;4.0491720797;4.1029489959;87689390.75903504;1609793623.031479;390934204;"2024-10-30T23:59:59.999Z"
"2024-10-29T00:00:00.000Z";"2024-10-29T23:59:59.999Z";"2024-10-29T17:57:00.000Z";"2024-10-29T00:26:00.000Z";"2790";4.1215216264;4.2593606809;4.1024159735;4.1883287123;111825840.06495366;1637656798.9061952;390934204;"2024-10-29T23:59:59.999Z"
"2024-10-28T00:00:00.000Z";"2024-10-28T23:59:59.999Z";"2024-10-28T22:10:00.000Z";"2024-10-28T17:10:00.000Z";"2790";4.1215829111;4.1575021908;3.9607264538;4.1224145041;90621011.33443584;1614439101.3232727;390934204;"2024-10-28T23:59:59.999Z"
"2024-10-27T00:00:00.000Z";"2024-10-27T23:59:59.999Z";"2024-10-27T23:17:00.000Z";"2024-10-27T11:01:00.000Z";"2790";4.0457760501;4.1329548196;4.0003873969;4.1222192202;56267890.3567755;1610599749.2042084;390934204;"2024-10-27T23:59:59.999Z"
"2024-10-26T00:00:00.000Z";"2024-10-26T23:59:59.999Z";"2024-10-26T07:07:00.000Z";"2024-10-26T17:27:00.000Z";"2790";4.0693566102;4.1661058499;3.9874905317;4.0457760501;89453948.02087952;1581632239.7099144;390934204;"2024-10-26T23:59:59.999Z"